﻿"name","sov_a3","latitude","longitude","pop_max"
"Bombo","UGA",0.5833,32.5333,75000
"Fort Portal","UGA",0.671,30.275,42670
"Potenza","ITA",40.642,15.799,69060
"Campobasso","ITA",41.563,14.656,50762
"Aosta","ITA",45.737,7.315,34062
"Mariehamn","ALD",60.097,19.949,10682
"Ramallah","PSE",31.90294,35.20621,24599
"Vatican City","VAT",41.90001,12.44781,832
"Poitier","FRA",46.58329,0.33328,85960
"Clermont-Ferrand","FRA",45.77998,3.08001,233050
"Besancon","FRA",47.23,6.03001,128426
"Artigas Base","ATA",-62.17389,-58.86386,60
"Chipata","ZMB",-13.62957,32.64001,85963
"Jinja","UGA",0.44042,33.19993,301619
"Arua","UGA",3.02037,30.90002,250000
"Mbale","UGA",1.09041,34.17,402368
"Moroto","UGA",2.54035,34.63999,371
"Masaka","UGA",-0.32961,31.72999,65373
"Mbarara","UGA",-0.59962,30.65,83700
"Otjiwarongo","NAM",-20.45954,16.64001,24815
"Bologna","ITA",44.50042,11.34002,488172
"Cagliari","ITA",39.2224,9.10398,291511
"Catanzaro","ITA",38.90038,16.60001,95251
"Bari","ITA",41.11422,16.87276,500577
"L'Aquila","ITA",42.3504,13.39002,68503
"Ancona","ITA",43.60037,13.49994,100507
"Perugia","ITA",43.11038,12.38998,149125
"Trieste","ITA",45.65038,13.80003,216035
"Trento","ITA",46.08043,11.11998,107808
"Fort-de-France","FRA",14.61041,-61.08003,253995
"Gifu","JPN",35.42309,136.76275,412895
"Saint-Laurent-du-Maroni","FRA",5.49762,-54.03253,24287
"Caen","FRA",49.18375,-0.34999,190099
"Nantes","FRA",47.21039,-1.59002,438537
"Ajaccio","FRA",41.92706,8.72829,54364
"Montpellier","FRA",43.6104,3.86999,327254
"Dijon","FRA",47.3304,5.03002,169946
"Orleans","FRA",47.90042,1.90003,217301
"Rouen","FRA",49.43041,1.07998,532559
"Reims","FRA",49.25039,4.02998,196565
"Amiens","FRA",49.90038,2.3,143086
"Nancy","FRA",48.68368,6.20002,268976
"Basse-terre","FRA",16.23039,-61.43998,307
"Novi Sad","SRB",45.25038,19.84994,225457
"Banja Luka","BIH",44.7804,17.17997,221738
"George Town","GBR",19.28044,-81.32998,4268
"Grand Turk","GBR",21.46643,-71.13598,5801
"Douglas","GBR",54.15043,-4.48002,35854
"San Marino","SMR",43.91715,12.46667,29579
"Willemstad","NLD",12.20043,-69.01998,146813
"Oranjestad","NLD",12.53038,-70.02899,68775
"Vaduz","LIE",47.13372,9.51667,36281
"Capitan Arturo Prat Station","ATA",-62.49951,-59.68332,41
"Marambio Station","ATA",-64.23289,-56.65002,150
"Zucchelli Station","ATA",-74.61919,164.21903,80
"Rothera Station","ATA",-67.56478,-68.12354,130
"Palmer Station","ATA",-64.76241,-64.04688,46
"Base Presidente Montalva","ATA",-62.18274,-58.90765,150
"Carlini Station","ATA",-62.22414,-58.65048,60
"King Sejong Station","ATA",-62.22485,-58.7716,90
"Great Wall Station","ATA",-62.21632,-58.9667,40
"Escudero Base","ATA",-62.19496,-58.95267,20
"Elephant Island","ATA",-61.99959,-57.99998,6
"Scott Base","ATA",-77.84694,166.7491,85
"McMurdo Station","ATA",-77.73228,166.86942,1000
"Zhongshan Station","ATA",-69.43406,76.3393,60
"Vostok","ATA",-78.46628,106.80003,25
"Peter I Island","ATA",-68.83287,90.5,1
"Mirny Station","ATA",-66.57553,93.00629,169
"Mawson Station","ATA",-67.61452,62.875,60
"Davis Station","ATA",-68.77767,78.14074,70
"Concordia Research Station","ATA",-74.66631,124.16704,30
"Casey Station","ATA",-66.28609,110.53621,200
"AmundsenScott South Pole Station","ATA",-89.98289,139.26699,200
"Wasa Station","ATA",-73.04961,-13.41671,10
"Troll Station","ATA",-72.01629,2.53332,44
"Svea Station","ATA",-74.5829,-11.21669,10
"Novolazarevskaya Station","ATA",-71.30123,-11.85021,70
"Neumayer Station III","ATA",-70.8904,-7.83844,40
"Maitri Station","ATA",-70.78218,11.73046,65
"Halley Station","ATA",-76.09226,-26.47416,70
"Belgrano Station","ATA",-77.86632,-34.61668,100
"Camp Sobral","ATA",-81.17908,-40.50153,40
"Aboa Station","ATA",-75.04959,-13.41671,18
"San Martín Station","ATA",-68.11632,-67.1,20
"Gen. O'Higgins Station","ATA",-63.32842,-57.88959,44
"Esperanza Station","ATA",-63.37533,-57.0259,250
"Orcadas Station","ATA",-60.7329,-44.7333,45
"Signy Research Station","ATA",-60.63131,-45.6007,8
"Dumont d'Urville Station","ATA",-66.77505,139.96368,120
"Showa Station","ATA",-69.03039,39.74608,60
"Gibraltar","GBR",36.13243,-5.37807,187083
"Lobamba","SWZ",-26.46667,31.2,9782
"Edinburgh","GBR",55.94833,-3.21909,504966
"Cardiff","GBR",51.49999,-3.22501,861400
"Longyearbyen","NOR",78.21668,15.55,1232
"Luxembourg","LUX",49.61166,6.13,107260
"Turin","ITA",45.07039,7.66996,1652000
"Noumea","FRA",-22.26253,166.44429,93060
"Matsuyama","JPN",33.84554,132.76584,533541
"Rennes","FRA",48.10002,-1.67001,209375
"Toulouse","FRA",43.61996,1.44993,847000
"Limoges","FRA",45.82998,1.24999,152199
"Lille","FRA",50.64997,3.08001,1044000
"Strasbourg","FRA",48.57997,7.75001,439972
"Batumi","GEO",41.6,41.63001,155542
"Funchal","PRT",32.64998,-16.88004,204767
"El Fasher","SDN",13.62998,25.35002,252609
"Keetmanshoop","NAM",-26.5739,18.12999,18039
"Swakopmund","NAM",-22.66886,14.53502,29491
"Genoa","ITA",44.40999,8.93004,647497
"Sukhumi","GEO",43.02002,41.02002,81546
"Palikir","FSM",6.91664,158.14997,4645
"Majuro","MHL",7.103,171.38,25400
"Agana","USA",13.47002,144.75002,122411
"Funafuti","TUV",-8.51665,179.21665,4749
"Melekeok","PLW",7.4874,134.62655,7026
"Bir Lehlou","SAH",26.11917,-9.65252,500
"Monaco","MCO",43.73965,7.40691,36371
"Tarawa","KIR",1.33819,173.01757,28802
"Moroni","COM",-11.70416,43.24024,128698
"Macau","CHN",22.203,113.54505,568700
"Andorra","AND",42.5,1.51649,53998
"San Bernardino","USA",34.12038,-117.30003,1745000
"Bridgeport","USA",41.17998,-73.19996,1018000
"Rochester","USA",43.17043,-77.61995,755000
"Manchester","GBR",53.50042,-2.24799,2230000
"Gujranwala","PAK",32.16043,74.18502,1513000
"Incheon","KOR",37.47615,126.64223,2550000
"Benin City","NGA",6.34048,5.62001,1190000
"Xiamen","CHN",24.44999,118.08002,2519000
"Nanchong","CHN",30.78043,106.13,2174000
"Neijiang","CHN",29.58038,105.05001,1466000
"Nanyang","CHN",33.0004,112.53002,1944000
"Jinxi","CHN",40.75034,120.82998,2426000
"Yantai","CHN",37.53041,121.40002,2116000
"Zaozhuang","CHN",34.88,117.57002,2145000
"Suzhou","CHN",31.30048,120.62002,1650000
"Xuzhou","CHN",34.28001,117.18002,2091000
"Wuxi","CHN",31.58,120.29998,1749000
"Jilin","CHN",43.84997,126.55004,2396000
"Chandigarh","IND",30.72,76.78001,979000
"Jammu","IND",32.71179,74.84674,791000
"Sholapur","IND",17.67041,75.90001,1057000
"Aurangabad","IND",19.8957,75.3203,1113000
"Nasik","IND",20.00042,73.77998,1473000
"Dispur","IND",26.14402,91.76664,16140
"Jullundur","IND",31.33492,75.56902,855000
"Allahabad","IND",25.455,81.84001,1201000
"Moradabad","IND",28.84179,78.75678,787000
"Ghaziabad","IND",28.66038,77.40839,1341000
"Agra","IND",27.17042,78.01502,1592000
"Aligarh","IND",27.89221,78.06179,805000
"Meerut","IND",29.00041,77.7,1398000
"Dhanbad","IND",23.80039,86.41999,1246000
"Gwalior","IND",26.22999,78.18008,978000
"Vadodara","IND",22.31002,73.18002,1756000
"Rajkot","IND",22.31002,70.80001,1260000
"Durazno","URY",-33.41002,-56.51005,34037
"International Falls","USA",48.60113,-93.41085,15240
"St. Paul","USA",44.94399,-93.08497,734854
"Billings","USA",45.7883,-108.54,104552
"Great Falls","USA",47.50029,-111.29999,66558
"Missoula","USA",46.87224,-113.99305,72856
"Minot","USA",48.23249,-101.29582,39439
"Fargo","USA",46.87723,-96.78943,162842
"Hilo","USA",19.7,-155.09003,52391
"Olympia","USA",47.03804,-122.89943,156984
"Spokane","USA",47.67,-117.41995,347705
"Vancouver","USA",45.6303,-122.63999,525802
"Flagstaff","USA",35.1981,-111.65051,63993
"Tucson","USA",32.205,-110.88999,823000
"Santa Barbara","USA",34.43499,-119.71999,181632
"Fresno","USA",36.74772,-119.77298,616353
"Eureka","USA",40.80222,-124.1475,42398
"Colorado Springs","USA",38.86296,-104.79199,493654
"Reno","USA",39.52998,-119.82001,328585
"Elko","USA",40.83251,-115.76199,19252
"Albuquerque","USA",35.10497,-106.64133,898642
"Salem","USA",44.92807,-123.0239,229010
"Casper","USA",42.86662,-106.31249,60791
"Topeka","USA",39.05001,-95.66998,132091
"Kansas City","USA",39.10709,-94.60409,1469000
"Tulsa","USA",36.12,-95.93002,946962
"Sioux Falls","USA",43.54999,-96.73,155724
"Shreveport","USA",32.50002,-93.77002,248053
"Baton Rouge","USA",30.45795,-91.14016,422072
"Ft. Worth","USA",32.73998,-97.34004,1440454
"Corpus Christi","USA",27.74281,-97.40189,277454
"Austin","USA",30.26695,-97.74278,1161000
"Amarillo","USA",35.22998,-101.83,181766
"El Paso","USA",31.77998,-106.51,753000
"Laredo","USA",27.50614,-99.50722,434768
"Merida","VEN",8.39999,-71.13001,345489
"Burlington","USA",44.4758,-73.21247,93807
"Montgomery","USA",32.3616,-86.27919,198325
"Tallahassee","USA",30.44999,-84.28003,221222
"Orlando","USA",28.50998,-81.38003,1350000
"Jacksonville","USA",30.33002,-81.66999,988000
"Savannah","USA",32.02111,-81.11,180187
"Columbia","USA",34.03998,-80.89998,398093
"Indianapolis","USA",39.74999,-86.17005,1436000
"Wilmington","USA",34.22552,-77.94502,161560
"Knoxville","USA",35.97001,-83.92003,655400
"Richmond","USA",37.55002,-77.44999,912000
"Charleston","USA",38.34974,-81.63273,123799
"Baltimore","USA",39.29999,-76.61998,2255000
"Syracuse","USA",43.04999,-76.15001,662577
"Puerto Ayacucho","VEN",5.6639,-67.62361,52526
"Port-of-Spain","TTO",10.652,-61.51703,294934
"Augusta","USA",44.31056,-69.77999,24042
"Sault Ste. Marie","USA",46.49526,-84.34528,83805
"Atakpame","TGO",7.53004,1.12002,80683
"Sousse","TUN",35.83,10.62503,327004
"Taizz","YEM",13.60445,44.03942,751000
"Sitka","USA",57.0604,-135.32755,8931
"Lvov","UKR",49.83498,24.03,803880
"Odessa","UKR",46.49002,30.71,991000
"Zhytomyr","UKR",50.24558,28.66217,282192
"Dnipropetrovsk","UKR",48.47997,35.00002,1050000
"Donetsk","UKR",48,37.82998,988000
"Kharkiv","UKR",49.99998,36.25002,1461000
"Turkmenbasy","TKM",40.02305,52.96968,68292
"Bukhara","UZB",39.78001,64.43001,319476
"Nukus","UZB",42.47,59.61501,230006
"Turkmenabat","TKM",39.11,63.58004,234817
"Mary","TKM",37.60002,61.83332,178708
"Andijon","UZB",40.79,72.33997,650000
"Haiphong","VNM",20.83001,106.68009,1969000
"Da Nang","VNM",16.06004,108.24997,1000000
"Kabwe","ZMB",-14.44001,28.44998,188979
"Mufulira","ZMB",-12.55,28.25997,153624
"Kitwe","ZMB",-12.81003,28.22002,404901
"Livingstone","ZMB",-17.86001,25.86001,165480
"Chitungwiza","ZWE",-18,31.1,340360
"Douala","CMR",4.06041,9.70999,1906000
"Birmingham","GBR",52.47497,-1.92,2285000
"Belfast","GBR",54.60001,-5.96003,450406
"Izmir","TUR",38.43615,27.15179,2587000
"Bursa","TUR",40.19999,29.07,1492000
"Samsun","TUR",41.28,36.34366,609339
"Konya","TUR",37.87501,32.47501,919000
"Adana","TUR",36.99499,35.32,1293000
"Gulu","UGA",2.78,32.28003,146858
"Kigali","RWA",-1.95359,30.06053,860000
"Cottica","SUR",3.85001,-54.23329,29210
"Cordoba","ESP",37.88,-4.77,321376
"Maradi","NER",13.49164,7.0964,232555
"Tahoua","NER",14.89998,5.25993,115956
"Constanta","ROU",44.20266,28.60997,303399
"Luleå","SWE",65.59663,22.15838,48638
"Sundsvall","SWE",62.40005,17.31666,73389
"Iasi","ROU",47.16835,27.57495,325914
"Surat Thani","THA",9.1501,99.34013,157627
"Chiang Mai","THA",18.79998,98.98005,397211
"Nakhon Ratchasima","THA",15.00003,102.10001,334984
"Mbabane","SWZ",-26.31665,31.13333,90138
"Piura","PER",-5.21003,-80.62997,396932
"Arequipa","PER",-16.41999,-71.53001,815000
"Chimbote","PER",-9.07,-78.57,349846
"Pucallpa","PER",-8.36891,-74.535,310750
"Iquitos","PER",-3.75002,-73.25001,458729
"Huancayo","PER",-12.08,-75.20002,412733
"Ciudad del Este","PRY",-25.5167,-54.61606,320872
"Ponta Delgada","PRT",37.7483,-25.66658,61526
"Vigo","ESP",42.22002,-8.72999,378952
"Bilbao","ESP",43.24998,-2.92999,875552
"Kaolack","SEN",14.14997,-16.10001,277812
"Kaedi","SEN",16.15001,-13.49999,21656
"Geneina","SDN",13.45002,22.44002,162981
"Medina","SAU",24.49999,39.58,1010000
"Tabuk","SAU",28.38383,36.55497,547957
"Juba","SSD",4.82998,31.58003,111975
"Malakal","SSD",9.5369,31.65599,160765
"Omdurman","SDN",15.61668,32.48002,2395159
"El Obeid","SDN",13.18329,30.2167,393311
"The Hague","NLD",52.08004,4.26996,1406000
"Kristiansand","NOR",58.16664,8.00002,63814
"Ljubljana","SVN",46.05529,14.51497,314807
"Bratislava","SVK",48.15002,17.11698,423737
"Hammerfest","NOR",70.66128,23.688,10000
"Doha","QAT",25.28656,51.53297,1450000
"Quetta","PAK",30.22,67.02499,768000
"Larkana","PAK",27.56177,68.20678,364033
"Springbok","ZAF",-29.66673,17.88329,10438
"Upington","ZAF",-28.46003,21.23001,71373
"Worcester","ZAF",-33.64003,19.43994,127597
"George","ZAF",-33.95003,22.45004,174582
"Tete","MOZ",-16.17003,33.58001,129316
"Pemba","MOZ",-12.98305,40.53235,110643
"Nampula","MOZ",-15.13604,39.29304,388526
"Welkom","ZAF",-27.96999,26.72999,431944
"Xai-Xai","MOZ",-25.03998,33.64,128805
"Goroka","PNG",-6.08331,145.38548,39699
"Mt. Hagen","PNG",-5.86322,144.21682,59064
"Rabaul","PNG",-4.20549,152.14343,8074
"Lae","PNG",-6.73299,146.99004,131052
"David","PAN",8.43332,-82.43333,110037
"Oujda","MAR",34.69001,-1.90997,409391
"Safi","MAR",32.31998,-9.23999,353476
"Podgorica","MNE",42.46597,19.26631,145850
"Quelimane","MOZ",-17.88001,36.88999,188964
"East London","ZAF",-32.97004,27.87002,338627
"Middelburg","ZAF",-31.5,25.00999,18164
"Naltchik","RUS",43.49811,43.61795,307866
"Stavropol","RUS",45.05,41.98001,363064
"Ugolnye Kopi","RUS",64.7333,177.7,3367
"Kaliningrad","RUS",54.70001,20.49734,434954
"Pskov","RUS",57.83,28.32994,201990
"Bryansk","RUS",53.25999,34.42998,427236
"Smolensk","RUS",54.78269,32.04734,320991
"Petrozavodsk","RUS",61.84998,34.28002,265025
"Tver","RUS",56.85998,35.89,400212
"Vologda","RUS",59.20999,39.91998,294889
"Yaroslavl","RUS",57.61998,39.87001,606730
"Rostov","RUS",47.23465,39.71266,1052000
"Sochi","RUS",43.59001,39.72997,327608
"Krasnodar","RUS",45.01998,39.00004,649851
"Penza","RUS",53.18002,44.99998,512602
"Ryazan","RUS",54.61996,39.71999,520173
"Voronezh","RUS",51.72998,39.27,844000
"Magnitogorsk","RUS",53.42269,58.98001,413351
"Chelyabinsk","RUS",55.15499,61.43867,1091000
"Vorkuta","RUS",67.5,64.00998,80039
"Kirov","RUS",58.59005,49.66998,457437
"Nizhny Tagil","RUS",57.92002,59.97498,381116
"Astrakhan","RUS",46.34866,48.05499,502533
"Orenburg","RUS",51.77998,55.11001,550204
"Saratov","RUS",51.57999,46.03,843000
"Ulyanovsk","RUS",54.32998,48.41001,640680
"Omsk","RUS",54.98999,73.39995,1135000
"Tyumen","RUS",57.14001,65.52999,519119
"Novokuznetsk","RUS",53.75001,87.11498,539616
"Kemerovo","RUS",55.33997,86.08998,477090
"Groznyy","RUS",43.31869,45.6987,226100
"Kandy","LKA",7.27998,80.67,111701
"Sri Jawewardenepura Kotte","LKA",6.9,79.94999,115826
"Daejeon","KOR",36.33555,127.42503,1468000
"Gwangju","KOR",35.17097,126.91043,1440000
"Busan","KOR",35.09505,129.01005,3480000
"Zamboanga","PHL",6.91998,122.08003,773000
"Laoag","PHL",18.19885,120.59361,207048
"Baguio City","PHL",16.42999,120.56994,447824
"General Santos","PHL",6.11083,125.17473,950530
"Ust-Ulimsk","RUS",57.98996,102.63331,100271
"Angarsk","RUS",52.56001,103.92,243158
"Abakan","RUS",53.70368,91.445,167289
"Norilsk","RUS",69.34002,88.22499,165873
"Khatanga","RUS",72.04114,102.465,3205
"Kyzyl","RUS",51.7067,94.38307,108240
"Ulan Ude","RUS",51.82499,107.625,360278
"Blagoveshchensk","RUS",50.26661,127.53334,221296
"Bukachacha","RUS",52.98334,116.91663,3372
"Dalnegorsk","RUS",44.53722,135.51725,8123
"Ambarchik","RUS",69.65101,162.33359,0
"Batagay","RUS",67.65599,134.63503,4266
"Chokurdakh","RUS",70.61831,147.89458,2506
"Ust Nera","RUS",64.56659,143.19998,9148
"Lensk","RUS",60.72527,114.94703,25589
"Aldan","RUS",58.603,125.38939,24426
"Mirnyy","RUS",62.54002,113.96135,40308
"Zhigansk","RUS",66.76971,123.37112,3237
"Okhotsk","RUS",59.383,143.21704,5570
"Khabarovsk","RUS",48.45499,135.12001,579000
"Okha","RUS",53.5739,142.94785,26560
"Yuzhno Sakhalinsk","RUS",46.96497,142.74001,176484
"Mexicali","MEX",32.64998,-115.48002,885000
"La Paz","MEX",24.13996,-110.32,189767
"Torreon","MEX",25.57005,-103.42,1144000
"Culiacan","MEX",24.82999,-107.37997,809000
"Nogales","MEX",31.305,-110.945,178097
"Hermosillo","MEX",29.09888,-110.95406,595811
"Guaymas","MEX",27.93001,-110.88999,103449
"San Luis Potosi","MEX",22.16998,-101,992000
"Matamoros","MEX",25.87998,-97.5,538785
"Nuevo Laredo","MEX",27.49999,-99.55001,349550
"Colima","MEX",19.22997,-103.72001,223287
"Campeche","MEX",19.82999,-90.49999,205212
"Oaxaca","MEX",17.08269,-96.66995,530728
"Leon","MEX",21.14999,-101.70003,1488000
"Maiduguri","NGA",11.84996,13.16001,896000
"Port Harcourt","NGA",4.81,7.01,1020000
"Makurdi","NGA",7.72998,8.53001,292645
"Ibadan","NGA",7.38003,3.92998,2628000
"Ogbomosho","NGA",8.13001,4.23999,951000
"Warri","NGA",5.51996,5.76,830106
"Kaduna","NGA",10.52002,7.44,1442000
"Gdansk","POL",54.35998,18.64004,740000
"Kraków","POL",50.05998,19.96001,756000
"Dalandzadgad","MNG",43.58355,104.44028,15093
"Wonsan","PRK",39.16049,127.43082,329207
"Sinuiju","PRK",40.08586,124.42128,288112
"Dund-Us","MNG",48.01664,91.63326,30500
"Choybalsan","MNG",48.06659,114.50602,33376
"Lüderitz","NAM",-26.648,15.15943,15137
"Walvis Bay","NAM",-22.95753,14.50531,52058
"Mwanza","TZA",-2.52002,32.93002,493944
"Morogoro","TZA",-6.82001,37.66002,250902
"Dodoma","TZA",-6.18331,35.75,218269
"Arusha","TZA",-3.36002,36.67,341136
"Napier","NZL",-39.49001,176.91503,56787
"Manukau","NZL",-36.99998,174.88497,362000
"Hamilton","NZL",-37.77001,175.30004,112145
"Blenheim","NZL",-41.52099,173.95924,26550
"Dunedin","NZL",-45.87995,170.47997,114347
"Bern","CHE",46.91668,7.46698,275329
"Malmö","SWE",55.58334,13.0333,269349
"Laayoune","MAR",27.14998,-13.20001,188084
"Ternate","IDN",0.79296,127.36302,187521
"Ambon","IDN",-3.71669,128.20002,355596
"Raba","IDN",-8.44999,118.76664,106101
"Jayapura","IDN",-2.53299,140.69998,169341
"Florence","ITA",43.78,11.25,1500000
"Catania","ITA",37.49997,15.08,674542
"Pristina","KOS",42.66671,21.16598,465186
"Meru","KEN",0.05998,37.64002,47226
"Eldoret","KEN",0.52001,35.26998,353381
"Banda Aceh","IDN",5.54998,95.32001,513698
"George Town","MYS",5.41361,100.32937,2500000
"Zhangye","CHN",38.92999,100.45003,230728
"Wuwei","CHN",37.92801,102.64101,493092
"Dunhuang","CHN",40.14268,94.66201,140094
"Tianshui","CHN",34.60002,105.91998,1225000
"Dulan","CHN",36.16659,98.2666,100
"Golmud","CHN",36.41663,94.88335,107092
"Yulin","CHN",22.62997,110.15001,1127000
"Bose","CHN",23.89972,106.61333,175282
"Wuzhou","CHN",23.48003,111.32002,442315
"Lupanshui","CHN",26.59443,104.83333,1221000
"Quanzhou","CHN",24.90002,118.57999,1463000
"Hefei","CHN",31.85003,117.28001,2035000
"Suzhou","CHN",33.63611,116.97889,1964000
"Zhanjiang","CHN",21.19998,110.38002,1590000
"Shaoguan","CHN",24.79997,113.57998,720266
"Balikpapan","IDN",-1.25002,116.83002,445905
"Kuching","MYS",1.52997,110.33,570407
"Antsiranana","MDG",-12.2765,49.31153,82937
"Fianarantsoa","MDG",-21.43333,47.08327,184184
"Mahajanga","MDG",-15.67001,46.34502,154657
"Toliara","MDG",-23.35683,43.68998,115319
"Surakarta","IDN",-7.56498,110.82501,555308
"Bandar Lampung","IDN",-5.43002,105.27,865000
"Tanjungpandan","IDN",-2.75003,107.65001,62374
"Malang","IDN",-7.97999,112.61002,805000
"Kupang","IDN",-10.17867,123.58299,282396
"Parepare","IDN",-4.01667,119.63331,87776
"Cuenca","ECU",-2.89999,-78.99999,286878
"Santa Cruz","ECU",-0.53332,-90.35,11262
"Puerto Limon","CRI",10.00002,-83.03334,85001
"Santiago de Cuba","CUB",20.02502,-75.82133,555865
"Santiago","DOM",19.50001,-70.67001,1550753
"Manizales","COL",5.05999,-75.52,375848
"Pasto","COL",1.21361,-77.28111,382236
"Barranquilla","COL",10.95999,-74.79997,1798000
"Roseau","DMA",15.30102,-61.38701,23336
"Mbandaka","COD",0.04004,18.26001,274996
"Moundou","TCD",8.54998,16.09002,156705
"Suez","EGY",30.00498,32.54994,508335
"Bur Said","EGY",31.25999,32.29001,623864
"El Faiyum","EGY",29.31003,30.83997,316772
"Aswan","EGY",24.08751,32.89891,313442
"Asyut","EGY",27.18998,31.17995,420585
"Kisangani","COD",0.52001,25.22,578470
"Assab","ERI",13.01002,42.72999,105496
"Djibouti","DJI",11.59501,43.148,923000
"Dresden","DEU",51.04997,13.75,617515
"Xigaze","CHN",29.25001,88.88335,80000
"Shache","CHN",38.42614,77.25,373492
"Yining","CHN",43.90002,81.35001,403489
"Altay","CHN",47.8666,88.11663,142000
"Putrajaya","MYS",2.91402,101.70195,67964
"Shizuishan","CHN",39.23328,106.76903,136570
"Yulin","CHN",38.28331,109.73329,155960
"Ankang","CHN",32.67998,109.02,1100000
"Houma","CHN",35.61998,111.21,102400
"Yueyang","CHN",29.38005,113.10001,826000
"Hengyang","CHN",26.88002,112.59002,1016000
"Mianyang","CHN",31.46998,104.76998,1396000
"Xichang","CHN",27.88002,102.3,379993
"Baoshan","CHN",25.11998,99.15001,1000000
"Gejiu","CHN",23.37998,103.15008,149105
"Shijianzhuang","CHN",38.05001,114.47998,2417000
"Handan","CHN",36.57998,114.47998,1631000
"Anshan","CHN",41.11502,122.94003,1639000
"Dalian","CHN",38.92284,121.62983,3167000
"Qingdao","CHN",36.08998,120.33001,2866000
"Linyi","CHN",35.07999,118.32998,2082000
"Huaiyin","CHN",33.58,119.02998,1264000
"Wenzhou","CHN",28.01998,120.65009,2350000
"Ningbo","CHN",29.87997,121.55004,1923000
"Fukuoka","JPN",33.59502,130.41001,2792000
"Miyazaki","JPN",31.91824,131.41838,324384
"Naha","JPN",26.20717,127.67297,905238
"Kochi","JPN",33.56243,133.53752,335570
"Gorontalo","IDN",0.54998,123.07005,365497
"Tongliao","CHN",43.61996,122.26999,884000
"Hohhot","CHN",40.81997,111.66,1726000
"Chifeng","CHN",42.27002,118.94999,1277000
"Ulanhot","CHN",46.08002,122.08003,241894
"Hailar","CHN",49.19998,119.70002,231171
"Jiamusi","CHN",46.83002,130.35002,1020000
"Beian","CHN",48.23901,126.48204,154936
"Daqing","CHN",46.57996,125.00001,1693000
"Jixi","CHN",45.29996,130.97003,965000
"Nagoya","JPN",35.155,136.91499,3230000
"Nagano","JPN",36.65,138.17001,594311
"Kushiro","JPN",42.97496,144.37469,198566
"Hakodate","JPN",41.79498,140.73998,302984
"Kyoto","JPN",35.02999,135.75,1805000
"Sendai","JPN",38.28711,141.02172,2250000
"Sakata","JPN",38.92004,139.85006,100446
"Bandundu","COD",-3.30999,17.37996,118211
"Kananga","COD",-5.89004,22.40002,765000
"Kasongo","COD",-4.45003,26.66002,63000
"Mbuji-Mayi","COD",-6.15003,23.6,1295000
"Kalemie","COD",-5.9333,29.20002,206257
"Butembo","COD",0.13,29.28001,286403
"Goma","COD",-1.6788,29.22179,144124
"Mzuzu","MWI",-11.45999,34.01998,110201
"Blantyre","MWI",-15.79001,34.98995,584877
"Quetzaltenango","GTM",14.82996,-91.52001,575263
"Banjul","GMB",13.45388,-16.5917,43094
"Faridabad","IND",28.43333,77.31667,1394000
"Srinagar","IND",34.09997,74.81501,1140000
"Vijayawada","IND",16.51996,80.63,1137000
"Thiruvananthapuram","IND",8.49998,76.95002,954000
"Kochi","IND",10.01501,76.22392,1519000
"Cuttack","IND",20.47,85.88994,580000
"Hubli","IND",15.35998,75.12502,890000
"Mangalore","IND",12.90003,74.84999,776632
"Mysore","IND",12.30998,76.66001,887000
"Gulbarga","IND",17.34996,76.82,483615
"Kolhapur","IND",16.7,74.22001,750000
"Nanded","IND",19.16998,77.30003,623708
"Akola","IND",20.70999,77.01002,503502
"Guwahati","IND",26.16002,91.77,983000
"Kayes","COG",-4.18002,13.28001,62521
"Franceville","GAB",-1.6333,13.58329,42967
"Bordeaux","FRA",44.85001,-0.59501,803000
"Marseille","FRA",43.28998,5.37501,1400000
"Le Havre","FRA",49.50497,0.10497,242124
"Gao","MLI",16.26659,-0.05001,116967
"Coihaique","CHL",-45.57,-72.07,45787
"Arica","CHL",-18.50002,-70.28998,185999
"Copiapo","CHL",-27.36,-70.33998,129280
"La Serena","CHL",-29.9,-71.24998,154521
"Los Angeles","CHL",-37.46,-72.35999,145239
"Narsarsuaq","DNK",61.16659,-45.41662,145
"Sisimiut","DNK",66.95001,-53.66661,5227
"Upernavik","DNK",72.70937,-56.14168,1129
"Qaanaaq","DNK",77.48347,-69.33224,616
"Nouadhibou","MRT",20.9,-17.05602,86738
"Kayes","MLI",14.44998,-11.44001,77207
"Ayoun el Atrous","MRT",16.66659,-9.61666,1423
"Segou","MLI",13.43999,-6.26002,122952
"Skopje","MKD",42.00001,21.43346,494087
"Al Jawf","LBY",24.19998,23.28999,24132
"Tmassah","LBY",26.36665,15.80001,500
"Misratah","LBY",32.37997,15.1,386120
"Zuwarah","LBY",32.93441,12.07915,180310
"Kirkuk","IRQ",35.47224,44.39227,601433
"Mosul","IRQ",36.345,43.145,1316000
"An Najaf","IRQ",32.00033,44.33537,665552
"Bahir Dar","ETH",11.60005,37.38329,206748
"Mekele","ETH",13.49999,39.46998,95856
"Dire Dawa","ETH",9.58999,41.86002,252279
"Rovaniemi","FIN",66.50004,25.71594,34781
"Vaasa","FIN",63.09998,21.60001,57014
"Tampere","FIN",61.5,23.75001,259279
"Aqtobe","KAZ",50.28002,57.16999,262457
"Rudny","KAZ",52.9527,63.13004,124000
"Qyzylorda","KAZ",44.80002,65.46499,300000
"Atyrau","KAZ",47.11269,51.92002,182753
"Ekibastuz","KAZ",51.72998,75.31994,127868
"Pavlodar","KAZ",52.3,76.95002,329002
"Semey","KAZ",50.435,80.27504,311353
"Oskemen","KAZ",49.99004,82.61495,319067
"Yazd","IRN",31.92005,54.37,477905
"Ahvaz","IRN",31.27999,48.72001,996000
"Basra","IRQ",30.51352,47.81356,870000
"Bandar-e-Abbas","IRN",27.20406,56.27214,461499
"Hamadan","IRN",34.79603,48.51501,528256
"Tabriz","IRN",38.08629,46.30125,1413000
"Ludhiana","IND",30.92776,75.87226,1649000
"Kota","IND",25.18,75.835,827000
"Jodhpur","IND",26.29177,73.01677,995000
"Shymkent","KAZ",42.32001,69.59502,465392
"Taraz","KAZ",42.89998,71.36499,358153
"Lucknow","IND",26.85504,80.915,2695000
"Saharanpur","IND",29.97002,77.55004,484873
"Ranchi","IND",23.37001,85.33003,1044000
"Bhagalpur","IND",25.23,86.98,361548
"Raipur","IND",21.23499,81.63501,875000
"Jabalpur","IND",23.17506,79.95506,1285000
"Indore","IND",22.71506,75.86502,2026000
"Pondicherry","IND",11.93499,79.83,227411
"Salem","IND",11.67,78.18008,873000
"Tiruchirappalli","IND",10.81,78.68997,951000
"Pointe-Noire","COG",-4.77001,11.88004,659084
"Kankan","GIN",10.39,-9.31001,114009
"Nzerekore","GIN",7.76,-8.82999,168121
"Bouake","CIV",7.68998,-5.03001,567481
"St.-Denis","FRA",-20.87889,55.44808,190047
"Rio Branco","BRA",-9.96659,-67.80001,257642
"São Luís","BRA",-2.51598,-44.26599,1038000
"Porto Velho","BRA",-8.75002,-63.90001,306180
"Alvorada","BRA",-12.47,-49.082,10232
"Corumba","BRA",-19.01601,-57.65001,96520
"Belo Horizonte","BRA",-19.91503,-43.915,5575000
"Montes Claros","BRA",-16.72003,-43.86002,332379
"Uberlandia","BRA",-18.9,-48.27998,563536
"Colider","BRA",-10.81729,-55.45058,27139
"Alta Floresta","BRA",-9.90003,-55.90998,40466
"Cuiaba","BRA",-15.56961,-56.08499,806000
"Pelotas","BRA",-31.75001,-52.33002,320674
"Caxias do Sul","BRA",-29.17999,-51.17004,381270
"Ponta Grossa","BRA",-25.09001,-50.16005,292177
"Teresina","BRA",-5.095,-42.78001,907000
"Maceio","BRA",-9.62,-35.72997,1186000
"Vitoria da Conquista","BRA",-14.85001,-40.84,308204
"Barreiras","BRA",-12.14,-45,158292
"Vila Velha","BRA",-20.36761,-40.31799,1209091
"Natal","BRA",-5.78002,-35.24,1088000
"Thompson","CAN",55.74994,-97.86662,13727
"Brandon","CAN",49.83327,-99.94998,28418
"Fort Smith","CAN",60.00002,-111.88334,518
"Fort McMurray","CAN",56.73332,-111.38332,21863
"Peace River","CAN",56.23332,-117.28329,5340
"Fort St. John","CAN",56.24999,-120.83328,18776
"Iqaluit","CAN",63.75046,-68.50019,6124
"Cambridge Bay","CAN",69.11696,-105.03332,1477
"Kugluktuk","CAN",67.79866,-115.12535,1302
"Chesterfield Inlet","CAN",63.33829,-90.70008,374
"Arviat","CAN",61.10859,-94.05861,1868
"Taloyoak","CAN",69.53331,-93.53332,774
"Igloolik","CAN",69.25654,-81.79359,1612
"Dawson City","CAN",64.06664,-139.41667,1319
"Timmins","CAN",48.46659,-81.33331,34974
"North Bay","CAN",46.3,-79.44999,50170
"Kuujjuarapik","CAN",55.2815,-77.76583,1243
"Kuujjuaq","CAN",58.10001,-68.4,1273
"Sydney","CAN",46.06611,-60.17998,37538
"Labrador City","CAN",52.94143,-66.91587,10313
"Ebolowa","CMR",2.90002,11.15001,87875
"Bambari","CAF",5.76196,20.6672,62098
"Venice","ITA",45.43866,12.335,270816
"El Calafate","ARG",-50.33332,-72.30002,8000
"San Juan","ARG",-31.55003,-68.51999,447048
"Rawson","ARG",-43.30001,-65.09999,26335
"Neuquen","ARG",-38.95004,-68.05999,242092
"Trinidad","BOL",-14.83337,-64.89998,84259
"Santa Rosa","ARG",-36.62,-64.29999,111424
"San Carlos de Bariloche","ARG",-41.14996,-71.3,95394
"Salta","ARG",-24.78336,-65.41664,512686
"Tucumán","ARG",-26.816,-65.21662,830000
"Formosa","ARG",-26.17284,-58.18282,221383
"Santa Fe","ARG",-31.62387,-60.69,489505
"Rosario","ARG",-32.95113,-60.66631,1203000
"Campinas","BRA",-22.90001,-47.10003,2791000
"Sorocaba","BRA",-23.49,-47.46998,563281
"Ribeirao Preto","BRA",-21.17004,-47.82999,551267
"Petrolina","BRA",-9.38001,-40.50997,260985
"Bamenda","CMR",5.95998,10.15002,445299
"Garoua","CMR",9.30001,13.39002,436899
"Herat","AFG",34.33001,62.16999,481009
"Mazar-e Sharif","AFG",36.69999,67.10003,458151
"Battambang","KHM",13.10001,103.20005,154773
"Siem Reap","KHM",13.36664,103.85003,109398
"Malanje","AGO",-9.54,16.34003,125856
"Benguela","AGO",-12.57826,13.40723,151226
"Lubango","AGO",-14.91001,13.49002,125632
"Namibe","AGO",-15.19004,12.16002,132900
"Tarija","BOL",-21.51669,-64.74999,159269
"Bridgetown","BRB",13.102,-59.61653,191152
"Annaba","DZA",36.92001,7.75998,503524
"Parakou","BEN",9.34001,2.62004,188853
"Porto-Novo","BEN",6.48331,2.61663,300000
"Constantine","DZA",36.35999,6.59995,605179
"Brest","BLR",52.09998,23.69999,300715
"Khulna","BGD",22.83999,89.56,1553000
"Francistown","BWA",-21.17004,27.50002,89979
"Mahalapye","BWA",-23.1,26.82001,50744
"Serowe","BWA",-22.39002,26.71004,48573
"Katherine","AUS",-14.46662,132.26659,10141
"Busselton","AUS",-33.65641,115.34866,10214
"Mandurah","AUS",-32.52348,115.74706,73356
"Broome","AUS",-17.96177,122.23077,13218
"Kalgoorlie","AUS",-30.7354,121.46002,36852
"Albany","AUS",-35.01695,117.8916,26445
"Port Hedland","AUS",-20.3104,118.60603,14288
"Karratha","AUS",-20.73038,116.87001,16796
"Geraldton","AUS",-28.76663,114.59997,27258
"Griffith","AUS",-34.29001,146.04002,15455
"Orange","AUS",-33.28,149.09998,39329
"Dubbo","AUS",-32.25996,148.59733,31574
"Armidale","AUS",-30.51231,151.66748,22673
"Broken Hill","AUS",-31.94995,141.43311,17395
"Port Lincoln","AUS",-34.73324,135.86658,13630
"Whyalla","AUS",-33.02503,137.56141,22559
"Portland","AUS",-38.34,141.59,11808
"Bendigo","AUS",-36.75999,144.28002,81657
"Wangaratta","AUS",-36.36002,146.3,14022
"Windorah","AUS",-25.43324,142.6502,158
"Mount Isa","AUS",-20.72387,139.49003,33200
"Rockhampton","AUS",-23.36391,150.52,65850
"Cairns","AUS",-16.88784,145.76333,154225
"Gold Coast","AUS",-28.0815,153.44825,527660
"Devonport","AUS",-41.19267,146.3311,19317
"Bobo Dioulasso","BFA",11.17998,-4.28998,360106
"Rajshahi","BGD",24.37498,88.60502,810000
"Mandalay","MMR",21.96999,96.08503,1300000
"Sittwe","MMR",20.14,92.88,179032
"Bujumbura","BDI",-3.37609,29.36001,331700
"Pago Pago","USA",-14.27661,-170.70665,12576
"Kingstown","VCT",13.14828,-61.21206,49485
"Castries","LCA",14.00197,-61.00001,37963
"Basseterre","KNA",17.30203,-62.71701,21887
"Las Palmas","ESP",28.09998,-15.43,378495
"Berbera","SOL",10.43555,45.01641,242344
"Port Louis","MUS",-20.16664,57.49999,595491
"Gaza","PSE",31.53,34.44502,505700
"Saint George's","GRD",12.05263,-61.74164,33734
"Papeete","FRA",-17.53336,-149.56667,131695
"Manama","BHR",26.23614,50.58305,563920
"Freeport","BHS",26.53328,-78.70001,25383
"Saint John's","ATG",17.11804,-61.85003,35499
"Taichung","TWN",24.15208,120.68167,2629323
"Kozhikode","IND",11.25044,75.76999,953000
"Bhubaneshwar","IND",20.27043,85.82736,844000
"Jamshedpur","IND",22.78754,86.19752,1300000
"Montevideo","URY",-34.85804,-56.17105,1513000
"Helena","USA",46.59275,-112.03529,38725
"Bismarck","USA",46.80832,-100.78332,63871
"Boise","USA",43.60859,-116.22749,338071
"San Jose","USA",37.29998,-121.84999,1668000
"Sacramento","USA",38.57502,-121.47004,1604000
"Las Vegas","USA",36.21,-115.22001,1823000
"Santa Fe","USA",35.68693,-105.93724,92681
"Portland","USA",45.52002,-122.67999,1875000
"Salt Lake City","USA",40.77502,-111.93005,966000
"Cheyenne","USA",41.14001,-104.81971,72927
"Des Moines","USA",41.57998,-93.61998,380655
"Omaha","USA",41.24,-96.00999,877110
"Oklahoma City","USA",35.47004,-97.51868,788000
"Pierre","USA",44.36834,-100.35055,13879
"San Antonio","USA",29.48733,-98.50731,1473000
"San Cristobal","VEN",7.77,-72.24997,438798
"Valencia","VEN",10.22998,-67.98002,1770000
"Jackson","USA",32.29882,-90.185,250902
"Raleigh","USA",35.81878,-78.64469,1163515
"Cleveland","USA",41.46999,-81.695,1890000
"Cincinnati","USA",39.16188,-84.45692,1636000
"Nashville","USA",36.16997,-86.77998,877000
"Memphis","USA",35.11999,-90,1081000
"Norfolk","USA",36.84996,-76.28001,1047869
"Milwaukee","USA",43.05266,-87.91997,1388000
"Buffalo","USA",42.87998,-78.88,1016000
"Pittsburgh","USA",40.43,-79.99999,1838000
"Ciudad Guayana","VEN",8.37002,-62.61999,746535
"Lome","TGO",6.13194,1.22276,1452000
"Tunis","TUN",36.80278,10.17968,2412500
"Kodiak","USA",57.79,-152.40699,9461
"Cold Bay","USA",55.2,-162.71509,200
"Bethel","USA",60.7933,-161.7558,6228
"Point Hope","USA",68.34773,-166.80802,461
"Barrow","USA",71.29057,-156.78858,4336
"Nome","USA",64.5061,-165.40637,3485
"Valdez","USA",61.136,-146.34829,4036
"Juneau","USA",58.31413,-134.42,30711
"Fairbanks","USA",64.83698,-147.71066,56993
"Prudhoe Bay","USA",70.29218,-148.66936,2500
"Sevastapol","UKR",44.59998,33.46498,379200
"Abu Dhabi","ARE",24.46668,54.36659,603492
"Ashgabat","TKM",37.94999,58.3833,727700
"Samarqand","UZB",39.67002,66.945,708000
"Lusaka","ZMB",-15.41664,28.28333,1328000
"Harare","ZWE",-17.81779,31.04471,1572000
"Bulawayo","ZWE",-20.17,28.58,699385
"Dili","TLS",-8.55939,125.57946,234331
"Port Vila","VUT",-17.73335,168.31664,44040
"Tegucigalpa","HND",14.10204,-87.21753,946000
"Georgetown","GUY",6.80197,-58.16703,264350
"Reykjavík","ISL",64.15002,-21.95001,166212
"Port-au-Prince","HTI",18.54102,-72.33603,1998000
"Glasgow","GBR",55.8744,-4.25071,1160000
"Kampala","UGA",0.31666,32.58332,1420000
"Aden","YEM",12.77972,45.00949,1000000
"Paramaribo","SUR",5.83503,-55.16703,254169
"Seville","ESP",37.40502,-5.98001,1212045
"Zinder","NER",13.8,8.98332,230358
"Niamey","NER",13.51671,2.11666,915000
"Port Sudan","SDN",19.61579,37.21643,489725
"Dushanbe","TJK",38.56004,68.77388,1086244
"Cusco","PER",-13.52503,-71.97215,361182
"Tacna","PER",-18,-70.25001,280098
"Trujillo","PER",-8.12004,-79.01997,765171
"Ica","PER",-14.06799,-75.72549,279420
"Asuncion","PRY",-25.2964,-57.64151,1870000
"Managua","NIC",12.15302,-86.26849,920000
"Freetown","SLE",8.47001,-13.23422,827000
"Agadez","NER",16.99587,7.98281,117770
"Niyala","SDN",12.05997,24.88999,392373
"Wau","SSD",7.69998,27.98996,127384
"Dongola","SDN",19.16659,30.4833,26404
"Kassala","SDN",15.45997,36.39002,401477
"Tromsø","NOR",69.63508,18.99203,52436
"Trondheim","NOR",63.41666,10.41667,147139
"Bergen","NOR",60.391,5.32452,213585
"Islamabad","PAK",33.7,73.16663,780000
"Multan","PAK",30.19998,71.45501,1522000
"Hyderabad","PAK",25.37999,68.37499,1459000
"Peshawar","PAK",34.00502,71.535,1303000
"Kathmandu","NPL",27.71669,85.31664,895000
"Nacala","MOZ",-14.51861,40.71502,224795
"Bloemfontein","ZAF",-29.11999,26.22991,463064
"Pretoria","ZAF",-25.70692,28.22943,1338000
"Port Moresby","PNG",-9.46471,147.1925,283733
"Honiara","SLB",-9.43799,159.94977,76328
"Panama City","PAN",8.96802,-79.53304,1281000
"Fez","MAR",34.0546,-5.00038,1002000
"Rabat","MAR",34.0253,-6.83613,1705000
"Marrakesh","MAR",31.62999,-7.99999,872000
"Chisinau","MDA",47.00502,28.85771,688134
"Beira","MOZ",-19.82004,34.87001,530604
"Port Elizabeth","ZAF",-33.97003,25.60003,1021000
"Maputo","MOZ",-25.95528,32.58916,1446000
"Tomsk","RUS",56.49499,84.97501,535479
"Anadyr","RUS",64.73699,177.475,10332
"Murmansk","RUS",68.96999,33.10004,319263
"Archangel","RUS",64.57496,40.54501,356051
"Nizhny Novgorod","RUS",56.33301,44.00009,1278000
"Volgograd","RUS",48.71001,44.49996,984000
"Ufa","RUS",54.78997,56.04003,1018000
"Yekaterinburg","RUS",56.85003,60.59996,1313000
"Samara","RUS",53.19501,50.1513,1137000
"Kazan","RUS",55.74994,49.12634,1115000
"Surgut","RUS",61.25994,73.42502,400000
"Barnaul","RUS",53.355,83.74501,599579
"Novosibirsk","RUS",55.02996,82.96004,1389000
"Mogadishu","SOM",2.06668,45.36668,1100000
"Muscat","OMN",23.61332,58.59331,734697
"Colombo","LKA",6.93197,79.85775,217000
"Cebu","PHL",10.31998,123.90008,815000
"Iloilo","PHL",10.70504,122.54502,387681
"Davao","PHL",7.11002,125.63,1402000
"Bratsk","RUS",56.157,101.61503,246348
"Irkutsk","RUS",52.31997,104.24505,586695
"Krasnoyarsk","RUS",56.01398,92.866,925000
"Dickson","RUS",73.50697,80.5451,1113
"Chita","RUS",52.05503,113.465,308500
"Vladivostok","RUS",43.13001,131.91003,587022
"Nizhneyansk","RUS",71.43333,136.06662,400
"Yakutsk","RUS",62.03496,129.73502,235600
"Tiksi","RUS",71.62689,128.83497,5700
"Magadan","RUS",59.57498,150.81001,95282
"Tijuana","MEX",32.50002,-117.08,1553000
"Chihuahua","MEX",28.64498,-106.08498,793000
"Mazatlan","MEX",23.2211,-106.42,368204
"Tampico","MEX",22.30002,-97.87001,859419
"Acapulco","MEX",16.84999,-99.91598,715584
"Veracruz","MEX",19.17734,-96.15998,578963
"Tuxtla Gutierrez","MEX",16.75,-93.15001,481128
"Cancun","MEX",21.16996,-86.83001,542043
"Merida","MEX",20.96664,-89.61663,965000
"Enugu","NGA",6.45003,7.5,688862
"Sokoto","NGA",13.06002,5.24003,732178
"Perm","RUS",57.99996,56.24999,997000
"Erdenet","MNG",49.0533,104.11834,79647
"Ulaanbaatar","MNG",47.91667,106.91662,885000
"Wellington","NZL",-41.29997,174.78327,393400
"Mbeya","TZA",-8.89001,33.43004,291649
"Windhoek","NAM",-22.57001,17.08355,268132
"Grootfontein","NAM",-19.56662,18.11656,24099
"Zanzibar","TZA",-6.16,39.20003,403658
"Christchurch","NZL",-43.53503,172.63002,363926
"Valencia","ESP",39.48502,-0.40001,808000
"Palana","RUS",59.084,159.95002,3671
"Petropavlovsk Kamchatskiy","RUS",53.06199,158.62302,187282
"Abuja","NGA",9.08333,7.53333,1576000
"Padang","IDN",-0.96001,100.36001,855000
"Bissau","GNB",11.86502,-15.59836,403339
"Palermo","ITA",38.12502,13.35003,863000
"Amman","JOR",31.95003,35.9333,1060000
"Vilnius","LTU",54.68337,25.31664,542366
"Riga","LVA",56.95002,24.09997,742572
"Bishkek","KGZ",42.87308,74.5852,837000
"Jiayuguan","CHN",39.82001,98.29998,148279
"Xining","CHN",36.62,101.77,1048000
"Guilin","CHN",25.27999,110.28003,987000
"Huainan","CHN",32.62998,116.97998,1451000
"Shantou","CHN",23.37001,116.67003,1601000
"Tarakan","IDN",3.30002,117.63302,193069
"Mombasa","KEN",-4.04003,39.68992,882000
"Maseru","LSO",-29.31667,27.48327,361324
"Antananarivo","MDG",-18.91664,47.51662,1697000
"Semarang","IDN",-6.96662,110.42002,1396000
"Palembang","IDN",-2.98004,104.75003,1749000
"Bandjarmasin","IDN",-3.32999,114.58008,603576
"Ujungpandang","IDN",-5.13996,119.43203,1262000
"Lyon","FRA",45.77001,4.83003,1423000
"Quito","ECU",-0.21499,-78.50005,1701000
"San Jose","CRI",9.93501,-84.08405,1284000
"San Salvador","SLV",13.71,-89.20304,1433000
"Kingston","JAM",17.97708,-76.76743,937700
"Cartagena","COL",10.39974,-75.51439,887000
"Mitu","COL",1.19831,-70.17361,5917
"Bumba","COD",2.18998,22.45996,160539
"Ndjamena","TCD",12.1131,15.04915,989000
"Abeche","TCD",13.83999,20.82998,158317
"Malabo","GNQ",3.75002,8.78328,155963
"Luxor","EGY",25.70002,32.65004,609248
"Asmara","ERI",15.33334,38.93332,620802
"Zagreb","HRV",45.80001,15.99999,722526
"Tallinn","EST",59.43388,24.72804,394024
"Lhasa","CHN",29.64502,91.10001,219599
"Hami","CHN",42.82698,93.515,300848
"Hotan","CHN",37.09971,79.92695,261730
"Kashgar","CHN",39.47634,75.96993,543914
"Yinchuan","CHN",38.46797,106.27304,991000
"Pingxiang","CHN",27.62001,113.85004,961000
"Nagasaki","JPN",32.76499,129.88503,435455
"Qiqihar","CHN",47.34498,123.98999,1641000
"Kikwit","COD",-5.03004,18.85,637736
"Matadi","COD",-5.81661,13.45002,245862
"Kolwezi","COD",-10.71672,25.47244,418000
"Lubumbashi","COD",-11.68002,27.48002,1352000
"Lilongwe","MWI",-13.9833,33.7833,646750
"Guatemala","GTM",14.62113,-90.52697,1024000
"Cayenne","FRA",4.93299,-52.33002,61550
"Libreville","GAB",0.38539,9.45797,578156
"Vishakhapatnam","IND",17.73001,83.30498,1529000
"Suva","FJI",-18.13302,178.44171,175399
"Port-Gentil","GAB",-0.72002,8.78002,116836
"Timbuktu","MLI",16.76659,-3.0166,68872
"Punta Arenas","CHL",-53.16499,-70.94,117430
"Iquique","CHL",-20.24999,-70.12997,227499
"Antofagasta","CHL",-23.64999,-70.4,309832
"Valparaiso","CHL",-33.04776,-71.62101,854000
"Valdivia","CHL",-39.795,-73.24502,159599
"Concepcion","CHL",-36.83001,-73.05002,889725
"Puerto Montt","CHL",-41.46999,-72.92998,174629
"Nuuk","DNK",64.19828,-51.73266,14798
"Nouakchott","MRT",18.08643,-15.97534,742144
"Bamako","MLI",12.65001,-8.00004,1494000
"Atar","MRT",20.51664,-13.04999,44265
"Djenne","MLI",13.89999,-4.54999,32944
"Sabha","LBY",27.03327,14.43332,100249
"Banghazi","LBY",32.11673,20.06672,1180000
"Thessaloniki","GRC",40.69611,22.885,828000
"Beirut","LBN",33.87198,35.50971,1846000
"Tbilisi","GEO",41.72501,44.7908,1100000
"Gonder","ETH",12.61004,37.46003,156230
"Astana","KAZ",51.18113,71.42777,345604
"Qaraghandy","KAZ",49.88498,73.11501,451800
"Almaty","KAZ",43.32499,76.91504,1209000
"Isfahan","IRN",32.70001,51.70004,1628000
"Shiraz","IRN",29.62996,52.57001,1240000
"Amritsar","IND",31.63999,74.86999,1212000
"Varanasi","IND",25.32999,83.00004,1352000
"Asansol","IND",23.68333,86.98333,1328000
"Bhilai","IND",21.21667,81.43333,1097000
"Bhopal","IND",23.24999,77.40999,1727000
"Madurai","IND",9.92003,78.12003,1294000
"Coimbatore","IND",10.99996,76.95002,1696000
"Vientiane","LAO",17.96669,102.59998,754000
"Brazzaville","COG",-4.25919,15.28469,1355000
"Conakry","GIN",9.53152,-13.68024,1494000
"Yamoussoukro","CIV",6.81838,-5.2755,206499
"Cruzeiro do Sul","BRA",-7.62999,-72.66997,56862
"Leticia","COL",-4.22002,-69.93998,59575
"Manaus","BRA",-3.10003,-60.00002,1753000
"Caxias","BRA",-4.833,-43.35003,134640
"Santarem","BRA",-2.43325,-54.69998,230428
"Maraba","BRA",-5.34997,-49.11598,166182
"Vilhena","BRA",-12.7166,-60.1166,63231
"Ji-Parana","BRA",-10.83331,-61.967,65016
"Campo Grande","BRA",-20.45003,-54.61663,778000
"Florianopolis","BRA",-27.57998,-48.52002,1023000
"Feira de Santana","BRA",-12.25002,-38.97001,481911
"Winnipeg","CAN",49.88299,-97.16599,632063
"Churchill","CAN",58.76599,-94.16599,1000
"Regina","CAN",50.45003,-104.61701,176183
"Saskatoon","CAN",52.17003,-106.66999,198958
"Calgary","CAN",51.08299,-114.08,1110000
"Prince Rupert","CAN",54.31667,-130.32999,14708
"Victoria","CAN",48.43328,-123.35,289625
"Arctic Bay","CAN",73.03331,-85.16662,604
"Resolute","CAN",74.68333,-94.90001,250
"Repulse Bay","CAN",66.52947,-86.28294,1000
"Yellowknife","CAN",62.44201,-114.39698,19234
"Fort Good Hope","CAN",66.26661,-128.63332,597
"Whitehorse","CAN",60.71672,-135.04998,23276
"Boa Vista","BRA",2.81609,-60.666,235150
"Macapá","BRA",0.03301,-51.05002,499166
"Ottawa","CAN",45.4167,-75.70002,1145000
"Fort Severn","CAN",55.98334,-87.64998,125
"Thunder Bay","CAN",48.44615,-89.27497,99334
"Québec","CAN",46.83997,-71.24561,624177
"Halifax","CAN",44.65003,-63.6,359111
"St. Johns","CAN",47.58499,-52.68101,131469
"Nain","CAN",56.54735,-61.68605,1151
"Charlottetown","CAN",46.24928,-63.13133,42402
"Ndele","CAF",8.40914,20.65304,11764
"Belgrade","SRB",44.81865,20.46799,1099000
"Obo","CAF",5.39999,26.50003,12887
"Bandar Seri Begawan","BRN",4.88333,114.93328,296500
"Puerto Deseado","ARG",-47.75002,-65.89997,3305
"Rio Gallegos","ARG",-51.6333,-69.21659,85700
"Comodoro Rivadavia","ARG",-45.87003,-67.5,140850
"Mendoza","ARG",-32.88333,-68.81661,893000
"Sucre","BOL",-19.04097,-65.25952,224838
"Riberalta","BOL",-10.98301,-66.10001,74014
"Bahia Blanca","ARG",-38.74003,-62.26502,281536
"Mar del Plata","ARG",-38.00002,-57.57998,555897
"Córdoba","ARG",-31.39996,-64.18229,1452000
"Posadas","ARG",-27.35783,-55.88511,357119
"Belmopan","BLZ",17.25203,-88.76707,15220
"Bangui","CAF",4.36664,18.55829,831925
"Maroua","CMR",10.59557,14.3247,319941
"Yaounde","CMR",3.8667,11.51665,1611000
"Tirana","ALB",41.32754,19.81888,895350
"Yerevan","ARM",40.18115,44.51355,1102000
"Baku","AZE",40.39527,49.86222,2122300
"Kandahar","AFG",31.61002,65.69495,715542
"Phnom Penh","KHM",11.55003,104.91663,1466000
"Menongue","AGO",-14.66661,17.69999,13030
"Huambo","AGO",-12.74999,15.76001,1100000
"La Paz","BOL",-16.49797,-68.14999,1590000
"Santa Cruz","BOL",-17.75392,-63.226,2102998
"Oran","DZA",35.71,-0.61997,798000
"Cotonou","BEN",6.40001,2.51999,762000
"Tamanrasset","DZA",22.785,5.5228,76000
"Ghardaia","DZA",32.48999,3.67,125480
"Sofia","BGR",42.68335,23.31665,1185000
"Minsk","BLR",53.89998,27.56663,1805000
"Thimphu","BTN",27.47299,89.63901,98676
"Gaborone","BWA",-24.64631,25.91195,208411
"Darwin","AUS",-12.42535,130.85004,93080
"Alice Springs","AUS",-23.701,133.88003,27710
"Canberra","AUS",-35.28303,149.12903,327700
"Newcastle","AUS",-32.84535,151.81501,1134616
"Adelaide","AUS",-34.93499,138.6,1145000
"Townsville","AUS",-19.24995,146.77,138954
"Brisbane","AUS",-27.45503,153.03509,1860000
"Hobart","AUS",-42.85001,147.29503,80870
"Ouagadougou","BFA",12.37032,-1.52472,1149000
"Sarajevo","BIH",43.85002,18.383,696731
"Naypyidaw","MMR",19.76656,96.11862,930000
"San Juan","USA",18.44002,-66.12998,2478905
"Stanley","GBR",-51.70001,-57.84997,2213
"Hamilton","GBR",32.29419,-64.78394,52320
"Nukualofa","TON",-21.13851,-175.22056,42620
"Hargeysa","SOL",9.56002,44.06531,477876
"Victoria","SYC",-4.61663,55.44999,33576
"Sao Tome","STP",0.3334,6.73333,88219
"Apia","WSM",-13.84155,-171.73864,61916
"Valletta","MLT",35.89973,14.51471,368250
"Male","MDV",4.16671,73.49995,112927
"Jerusalem","ISR",31.77841,35.20663,1029300
"Praia","CPV",14.9167,-23.51669,113364
"Nassau","BHS",25.08339,-77.35004,227940
"Nicosia","CYP",35.16668,33.36663,224300
"Kaohsiung","TWN",22.63331,120.2666,2769072
"Shenzhen","CHN",22.55237,114.12212,7581000
"Zibo","CHN",36.79999,118.04999,3061000
"Minneapolis","USA",44.97998,-93.25179,2616000
"Honolulu","USA",21.30688,-157.858,786000
"Seattle","USA",47.57,-122.33998,3074000
"Phoenix","USA",33.53998,-112.06999,3551000
"San Diego","USA",32.82002,-117.17999,2916000
"St. Louis","USA",38.63502,-90.23998,2199000
"New Orleans","USA",29.995,-90.03997,785000
"Dallas","USA",32.82002,-96.84002,4798000
"Maracaibo","VEN",10.72998,-71.65998,2072000
"Boston","USA",42.32996,-71.07001,4467000
"Tampa","USA",27.94699,-82.45862,2314000
"Philadelphia","USA",39.99997,-75.17,5492000
"Detroit","USA",42.32996,-83.08006,4101000
"Anchorage","USA",61.21997,-149.90021,260283
"Hanoi","VNM",21.03333,105.85001,4378000
"Ho Chi Minh City","VNM",10.78003,106.69503,5314000
"Ankara","TUR",39.92724,32.86439,3716000
"Budapest","HUN",47.50001,19.08332,1679000
"Sanaa","YEM",15.35473,44.20659,2008000
"Barcelona","ESP",41.3833,2.18337,4920000
"Bucharest","ROU",44.43337,26.09995,1942000
"Aleppo","SYR",36.22997,37.17002,2738000
"Damascus","SYR",33.50003,36.3,2466000
"Zürich","CHE",47.37999,8.55001,1108000
"Lisbon","PRT",38.72272,-9.14487,2812000
"Khartoum","SDN",15.58808,32.53418,4754000
"Jeddah","SAU",21.51689,39.2192,3012000
"Makkah","SAU",21.43002,39.82004,1385000
"Oslo","NOR",59.91669,10.74998,835000
"Lahore","PAK",31.55997,74.35002,6577000
"Karachi","PAK",24.86999,66.99001,12130000
"Durban","ZAF",-29.86501,30.98001,2729000
"St. Petersburg","RUS",59.93901,30.31602,4553000
"Guadalajara","MEX",20.67002,-103.33003,4198000
"Puebla","MEX",19.04996,-98.20004,2195000
"Kano","NGA",11.99998,8.52004,3140000
"Warsaw","POL",52.25,21,1707000
"Pyongyang","PRK",39.01944,125.75469,3300000
"Dar es Salaam","TZA",-6.80001,39.26834,2930000
"Medan","IDN",3.57997,98.65004,2115000
"Dublin","IRL",53.33306,-6.24891,1059000
"Monrovia","LBR",6.31056,-10.80475,1041000
"Naples","ITA",40.84003,14.24501,2250000
"Milan","ITA",45.46998,9.20501,2945000
"Kuala Lumpur","MYS",3.16667,101.69998,1448000
"Lanzhou","CHN",36.05603,103.792,2561000
"Nanning","CHN",22.81999,108.32004,2167000
"Guiyang","CHN",26.58004,106.72004,3662000
"Chongqing","CHN",29.56498,106.59498,6461000
"Fuzhou","CHN",26.08,119.30005,2606000
"Guangzhou","CHN",23.14498,113.32501,8829000
"Dongguan","CHN",23.04889,113.74472,4528000
"Bandung","IDN",-6.95003,107.57001,2394000
"Surabaya","IDN",-7.24924,112.75083,2845000
"Guayaquil","ECU",-2.22003,-79.92004,2514000
"Medellin","COL",6.275,-75.57501,3297000
"Cali","COL",3.39996,-76.49997,2254000
"Havana","CUB",23.13196,-82.36418,2174000
"Alexandria","EGY",31.20002,29.95,4165000
"Frankfurt","DEU",50.09998,8.67502,2895000
"Hamburg","DEU",53.55002,10,1757000
"Munich","DEU",48.12994,11.57499,1275000
"Prague","CZE",50.08334,14.46598,1162000
"Kuwait","KWT",29.36972,47.9783,2063000
"Xian","CHN",34.27503,108.895,4009000
"Taiyuan","CHN",37.87501,112.54506,2913000
"Wuhan","CHN",30.58003,114.27002,7243000
"Changsha","CHN",28.19997,112.96999,2604000
"Kunming","CHN",25.06998,102.67998,2931000
"Zhengzhou","CHN",34.755,113.66509,2636000
"Shenyeng","CHN",41.80498,123.44997,4787000
"Jinan","CHN",36.67498,116.99502,2798000
"Tianjin","CHN",39.13003,117.20002,7180000
"Nanchang","CHN",28.67999,115.88,2350000
"Nanjing","CHN",32.05002,118.77997,3679000
"Hangzhou","CHN",30.24997,120.17002,3007000
"Hiroshima","JPN",34.38784,132.44291,2045000
"Changchun","CHN",43.86501,125.33999,3183000
"Baotou","CHN",40.65221,109.82202,2036000
"Harbin","CHN",45.74998,126.64998,3621000
"Sapporo","JPN",43.07498,141.34004,2544000
"Santo Domingo","DOM",18.47007,-69.90009,2154000
"Accra","GHA",5.55003,-0.21672,2121000
"Delhi","IND",28.66999,77.23,15926000
"Hyderabad","IND",17.39998,78.47995,6376000
"Pune","IND",18.53002,73.85,4672000
"Nagpur","IND",21.16996,79.08999,2454000
"Tripoli","LBY",32.8925,13.18001,2189000
"Tel Aviv-Yafo","ISR",32.07999,34.77001,3112000
"Helsinki","FIN",60.17556,24.93413,1115000
"Mashhad","IRN",36.27002,59.57,2469000
"Jaipur","IND",26.92113,75.80999,2917000
"Kanpur","IND",26.46,80.32,3162000
"Patna","IND",25.62496,85.13004,2158000
"Chennai","IND",13.08999,80.28,7163000
"Ahmedabad","IND",23.03005,72.58,5375000
"Surat","IND",21.19998,72.84004,3842000
"København","DNK",55.67856,12.56349,1085000
"Abidjan","CIV",5.32,-4.04005,3802000
"Belem","BRA",-1.45,-48.48002,2167000
"Brasilia","BRA",-15.78334,-47.91605,3716996
"Porto Alegre","BRA",-30.05001,-51.20001,3917000
"Curitiba","BRA",-25.42001,-49.32,3084000
"Fortaleza","BRA",-3.75002,-38.57998,3602319
"Salvador","BRA",-12.96997,-38.47999,3484000
"Edmonton","CAN",53.55002,-113.49998,1058000
"Montréal","CAN",45.5,-73.5833,3678000
"Goiania","BRA",-16.72003,-49.30002,2022000
"Recife","BRA",-8.07565,-34.91561,3651000
"Brussels","BEL",50.83332,4.33332,1743000
"Dhaka","BGD",23.72306,90.40858,12797394
"Luanda","AGO",-8.83829,13.23443,5172900
"Algiers","DZA",36.76306,3.05055,3354000
"Chittagong","BGD",22.32999,91.79997,4529000
"Perth","AUS",-31.95501,115.84,1532000
"Rangoon","MMR",16.78335,96.16668,4088000
"San Francisco","USA",37.74001,-122.45998,3450000
"Denver","USA",39.73919,-104.98402,2313000
"Houston","USA",29.81997,-95.33998,4459000
"Miami","USA",25.78761,-80.22411,5585000
"Atlanta","USA",33.83001,-84.39995,4506000
"Chicago","USA",41.82999,-87.75005,8990000
"Caracas","VEN",10.501,-66.91704,2985000
"Kiev","UKR",50.43337,30.51663,2709000
"Dubai","ARE",25.23,55.27997,1379000
"Tashkent","UZB",41.3117,69.29493,2184000
"Madrid","ESP",40.40003,-3.68335,5567000
"Geneva","CHE",46.21001,6.14003,1240000
"Stockholm","SWE",59.35076,18.09733,1264000
"Bangkok","THA",13.75,100.51664,6704000
"Lima","PER",-12.04801,-77.05006,8012000
"Dakar","SEN",14.71583,-17.47313,2604000
"Johannesburg","ZAF",-26.17004,28.03001,3435000
"Amsterdam","NLD",52.34997,4.91664,1031000
"Casablanca","MAR",33.59998,-7.61637,3181000
"Seoul","KOR",37.56635,126.99973,9796000
"Manila","PHL",14.60416,120.98222,11100000
"Monterrey","MEX",25.67,-100.32998,3712000
"Auckland","NZL",-36.85001,174.76498,1245000
"Berlin","DEU",52.52182,13.40155,3406000
"Urumqi","CHN",43.80501,87.57501,2151000
"Chengdu","CHN",30.67,104.07002,4123000
"Osaka","JPN",34.75004,135.46014,11294000
"Kinshasa","COD",-4.32972,15.31497,7843000
"New Delhi","IND",28.60002,77.19998,317797
"Bangalore","IND",12.97,77.56001,6787000
"Athens","GRC",37.98333,23.73332,3242000
"Baghdad","IRQ",33.33865,44.39387,5054000
"Addis Ababa","ETH",9.03331,38.7,3100000
"Tehran","IRN",35.67194,51.42434,7873000
"Vancouver","CAN",49.27342,-123.12164,2313328
"Toronto","CAN",43.69998,-79.42002,5213000
"Buenos Aires","ARG",-34.6025,-58.39753,12795000
"Kabul","AFG",34.51669,69.18326,3277000
"Vienna","AUT",48.20002,16.36664,2400000
"Melbourne","AUS",-37.82003,144.97502,4170000
"Taipei","TWN",25.03583,121.56833,6900273
"Los Angeles","USA",33.98998,-118.17998,12500000
"Washington D.C.","USA",38.89955,-77.00942,4338000
"New York","USA",40.74998,-73.98002,19040000
"London","GBR",51.49999,-0.11672,8567000
"Istanbul","TUR",41.105,29.01,10061000
"Riyadh","SAU",24.64083,46.77274,4465000
"Cape Town","ZAF",-33.92001,18.43499,3215000
"Moscow","RUS",55.75216,37.61552,10452000
"Mexico City","MEX",19.44244,-99.13099,19028000
"Lagos","NGA",6.44326,3.39153,9466000
"Rome","ITA",41.89596,12.48326,3339000
"Beijing","CHN",39.92889,116.38829,11106000
"Nairobi","KEN",-1.28335,36.81666,3010000
"Jakarta","IDN",-6.17442,106.82944,9125000
"Bogota","COL",4.59642,-74.08334,7772000
"Cairo","EGY",30.04996,31.24997,11893000
"Shanghai","CHN",31.21645,121.4365,14987000
"Tokyo","JPN",35.68502,139.75141,35676000
"Mumbai","IND",19.01699,72.85699,18978000
"Paris","FRA",48.86669,2.33334,9904000
"Santiago","CHL",-33.45001,-70.66704,5720000
"Kolkata","IND",22.49497,88.32468,14787000
"Rio de Janeiro","BRA",-22.92502,-43.22502,11748000
"Sao Paulo","BRA",-23.55868,-46.62502,18845000
"Sydney","AUS",-33.92001,151.18518,4630000
"Singapore","SGP",1.29303,103.85582,5183700
"Hong Kong","CHN",22.30498,114.18501,7206000
