<metadata xml:lang="en"><Esri><CreaDate>20220729</CreaDate><CreaTime>08524000</CreaTime><ArcGISFormat>1.0</ArcGISFormat><SyncOnce>FALSE</SyncOnce><DataProperties><itemProps><itemName Sync="TRUE">niger_buffer_686</itemName><imsContentType Sync="TRUE">002</imsContentType><itemLocation><linkage Sync="TRUE">file://\\AE-ECSUSAN-03\C$\DSPG\Sahel_Project\NIger_buffer\niger_buffer_686.shp</linkage><protocol Sync="TRUE">Local Area Network</protocol></itemLocation><itemSize Sync="TRUE">0.000</itemSize></itemProps><coordRef><type Sync="TRUE">Geographic</type><geogcsn Sync="TRUE">GCS_WGS_1984</geogcsn><csUnits Sync="TRUE">Angular Unit: Degree (0.017453)</csUnits><peXml Sync="TRUE">&lt;GeographicCoordinateSystem xsi:type='typens:GeographicCoordinateSystem' xmlns:xsi='http://www.w3.org/2001/XMLSchema-instance' xmlns:xs='http://www.w3.org/2001/XMLSchema' xmlns:typens='http://www.esri.com/schemas/ArcGIS/2.5.0'&gt;&lt;WKT&gt;GEOGCS[&amp;quot;GCS_WGS_1984&amp;quot;,DATUM[&amp;quot;D_WGS_1984&amp;quot;,SPHEROID[&amp;quot;WGS_1984&amp;quot;,6378137.0,298.257223563]],PRIMEM[&amp;quot;Greenwich&amp;quot;,0.0],UNIT[&amp;quot;Degree&amp;quot;,0.0174532925199433],AUTHORITY[&amp;quot;EPSG&amp;quot;,4326]]&lt;/WKT&gt;&lt;XOrigin&gt;-400&lt;/XOrigin&gt;&lt;YOrigin&gt;-400&lt;/YOrigin&gt;&lt;XYScale&gt;11258999068426.238&lt;/XYScale&gt;&lt;ZOrigin&gt;-100000&lt;/ZOrigin&gt;&lt;ZScale&gt;10000&lt;/ZScale&gt;&lt;MOrigin&gt;-100000&lt;/MOrigin&gt;&lt;MScale&gt;10000&lt;/MScale&gt;&lt;XYTolerance&gt;8.983152841195215e-09&lt;/XYTolerance&gt;&lt;ZTolerance&gt;0.001&lt;/ZTolerance&gt;&lt;MTolerance&gt;0.001&lt;/MTolerance&gt;&lt;HighPrecision&gt;true&lt;/HighPrecision&gt;&lt;LeftLongitude&gt;-180&lt;/LeftLongitude&gt;&lt;WKID&gt;4326&lt;/WKID&gt;&lt;LatestWKID&gt;4326&lt;/LatestWKID&gt;&lt;/GeographicCoordinateSystem&gt;</peXml></coordRef><lineage><Process ToolSource="c:\program files\arcgis\pro\Resources\ArcToolbox\toolboxes\Data Management Tools.tbx\Merge" Date="20220729" Time="085241">Merge memory\points_empty_20220729085240;memory\table_empty_20220729085240 C:\Users\huda\Documents\ArcGIS\Projects\MyProject3\MyProject3.gdb\nigerlsms_11_14_18_slim_XYTableToPoint "Field1 "Field1" true true false 4 Long 0 0,First,#,memory\table_empty_20220729085240,Field1,-1,-1;cluster "cluster" true true false 4 Long 0 0,First,#,memory\table_empty_20220729085240,cluster,-1,-1;hhnum_percluster "hhnum_percluster" true true false 4 Long 0 0,First,#,memory\table_empty_20220729085240,hhnum_percluster,-1,-1;hhid "hhid" true true false 4 Long 0 0,First,#,memory\table_empty_20220729085240,hhid,-1,-1;year "year" true true false 4 Long 0 0,First,#,memory\table_empty_20220729085240,year,-1,-1;int_year "int_year" true true false 4 Long 0 0,First,#,memory\table_empty_20220729085240,int_year,-1,-1;int_month "int_month" true true false 4 Long 0 0,First,#,memory\table_empty_20220729085240,int_month,-1,-1;passage "passage" true true false 4 Long 0 0,First,#,memory\table_empty_20220729085240,passage,-1,-1;season "season" true true false 5000 Text 0 0,First,#,memory\table_empty_20220729085240,season,0,5000;admin1 "admin1" true true false 4 Long 0 0,First,#,memory\table_empty_20220729085240,admin1,-1,-1;admin2 "admin2" true true false 4 Long 0 0,First,#,memory\table_empty_20220729085240,admin2,-1,-1;hhsize "hhsize" true true false 4 Long 0 0,First,#,memory\table_empty_20220729085240,hhsize,-1,-1;pcexp "pcexp" true true false 8 Double 0 0,First,#,memory\table_empty_20220729085240,pcexp,-1,-1;pcexp_food "pcexp_food" true true false 8 Double 0 0,First,#,memory\table_empty_20220729085240,pcexp_food,-1,-1;pcexp_nonfood "pcexp_nonfood" true true false 8 Double 0 0,First,#,memory\table_empty_20220729085240,pcexp_nonfood,-1,-1;latitude "latitude" true true false 8 Double 0 0,First,#,memory\table_empty_20220729085240,latitude,-1,-1;longitude "longitude" true true false 8 Double 0 0,First,#,memory\table_empty_20220729085240,longitude,-1,-1;zae "zae" true true false 4 Long 0 0,First,#,memory\table_empty_20220729085240,zae,-1,-1" NO_SOURCE_INFO</Process><Process ToolSource="c:\program files\arcgis\pro\Resources\ArcToolbox\toolboxes\Data Management Tools.tbx\XYTableToPoint" Date="20220729" Time="085241">XYTableToPoint nigerlsms_11_14_18_slim.csv C:\Users\huda\Documents\ArcGIS\Projects\MyProject3\MyProject3.gdb\nigerlsms_11_14_18_slim_XYTableToPoint longitude latitude # "GEOGCS['GCS_WGS_1984',DATUM['D_WGS_1984',SPHEROID['WGS_1984',6378137.0,298.257223563]],PRIMEM['Greenwich',0.0],UNIT['Degree',0.0174532925199433]];-400 -400 1000000000;-100000 10000;-100000 10000;8.98315284119521E-09;0.001;0.001;IsHighPrecision"</Process><Process ToolSource="c:\program files\arcgis\pro\Resources\ArcToolbox\toolboxes\Analysis Tools.tbx\Buffer" Date="20220729" Time="085324">Buffer nigerlsms_11_14_18_slim_XYTableToPoint C:\Users\huda\Documents\ArcGIS\Projects\MyProject3\MyProject3.gdb\nigerlsms_11_14_18_slim_XYTa "20 Kilometers" Full Round "No Dissolve" # Planar</Process><Process ToolSource="c:\program files\arcgis\pro\Resources\ArcToolbox\toolboxes\Analysis Tools.tbx\Clip" Date="20220729" Time="090148">Clip nigerlsms_11_14_18_slim_XYTa NER_adm00_feb2018 C:\Users\huda\Documents\ArcGIS\Projects\MyProject3\MyProject3.gdb\nigerlsms_11_14_18_slim_XYTa1 #</Process><Process ToolSource="c:\program files\arcgis\pro\Resources\ArcToolbox\toolboxes\Conversion Tools.tbx\FeatureClassToFeatureClass" Date="20220729" Time="090603">FeatureClassToFeatureClass nigerlsms_11_14_18_slim_XYTa1 C:\DSPG\Sahel_Project\NIger_buffer nigerlsms_buff200km.shp # "Field1 "Field1" true true false 4 Long 0 0,First,#,nigerlsms_11_14_18_slim_XYTa1,Field1,-1,-1;cluster "cluster" true true false 4 Long 0 0,First,#,nigerlsms_11_14_18_slim_XYTa1,cluster,-1,-1;hhnum_perc "hhnum_percluster" true true false 4 Long 0 0,First,#,nigerlsms_11_14_18_slim_XYTa1,hhnum_percluster,-1,-1;hhid "hhid" true true false 4 Long 0 0,First,#,nigerlsms_11_14_18_slim_XYTa1,hhid,-1,-1;year "year" true true false 4 Long 0 0,First,#,nigerlsms_11_14_18_slim_XYTa1,year,-1,-1;int_year "int_year" true true false 4 Long 0 0,First,#,nigerlsms_11_14_18_slim_XYTa1,int_year,-1,-1;int_month "int_month" true true false 4 Long 0 0,First,#,nigerlsms_11_14_18_slim_XYTa1,int_month,-1,-1;passage "passage" true true false 4 Long 0 0,First,#,nigerlsms_11_14_18_slim_XYTa1,passage,-1,-1;season "season" true true false 5000 Text 0 0,First,#,nigerlsms_11_14_18_slim_XYTa1,season,0,5000;admin1 "admin1" true true false 4 Long 0 0,First,#,nigerlsms_11_14_18_slim_XYTa1,admin1,-1,-1;admin2 "admin2" true true false 4 Long 0 0,First,#,nigerlsms_11_14_18_slim_XYTa1,admin2,-1,-1;hhsize "hhsize" true true false 4 Long 0 0,First,#,nigerlsms_11_14_18_slim_XYTa1,hhsize,-1,-1;pcexp "pcexp" true true false 8 Double 0 0,First,#,nigerlsms_11_14_18_slim_XYTa1,pcexp,-1,-1;pcexp_food "pcexp_food" true true false 8 Double 0 0,First,#,nigerlsms_11_14_18_slim_XYTa1,pcexp_food,-1,-1;pcexp_nonf "pcexp_nonfood" true true false 8 Double 0 0,First,#,nigerlsms_11_14_18_slim_XYTa1,pcexp_nonfood,-1,-1;latitude "latitude" true true false 8 Double 0 0,First,#,nigerlsms_11_14_18_slim_XYTa1,latitude,-1,-1;longitude "longitude" true true false 8 Double 0 0,First,#,nigerlsms_11_14_18_slim_XYTa1,longitude,-1,-1;zae "zae" true true false 4 Long 0 0,First,#,nigerlsms_11_14_18_slim_XYTa1,zae,-1,-1;BUFF_DIST "BUFF_DIST" true true false 8 Double 0 0,First,#,nigerlsms_11_14_18_slim_XYTa1,BUFF_DIST,-1,-1;ORIG_FID "ORIG_FID" true true false 4 Long 0 0,First,#,nigerlsms_11_14_18_slim_XYTa1,ORIG_FID,-1,-1;Shape_Leng "Shape_Length" false true true 8 Double 0 0,First,#,nigerlsms_11_14_18_slim_XYTa1,Shape_Length,-1,-1;Shape_Area "Shape_Area" false true true 8 Double 0 0,First,#,nigerlsms_11_14_18_slim_XYTa1,Shape_Area,-1,-1" #</Process><Process ToolSource="c:\program files\arcgis\pro\Resources\ArcToolbox\toolboxes\Data Management Tools.tbx\UpdateSchema" Date="20220729" Time="092153">UpdateSchema "CIMDATA=&lt;CIMStandardDataConnection xsi:type='typens:CIMStandardDataConnection' xmlns:xsi='http://www.w3.org/2001/XMLSchema-instance' xmlns:xs='http://www.w3.org/2001/XMLSchema' xmlns:typens='http://www.esri.com/schemas/ArcGIS/2.5.0'&gt;&lt;WorkspaceConnectionString&gt;DATABASE=C:\DSPG\Sahel_Project\NIger_buffer&lt;/WorkspaceConnectionString&gt;&lt;WorkspaceFactory&gt;Shapefile&lt;/WorkspaceFactory&gt;&lt;Dataset&gt;nigerlsms_buff200km&lt;/Dataset&gt;&lt;DatasetType&gt;esriDTFeatureClass&lt;/DatasetType&gt;&lt;/CIMStandardDataConnection&gt;" &lt;operationSequence&gt;&lt;workflow&gt;&lt;AddField&gt;&lt;field_name&gt;lat_long&lt;/field_name&gt;&lt;field_type&gt;FLOAT&lt;/field_type&gt;&lt;field_is_nullable&gt;False&lt;/field_is_nullable&gt;&lt;field_is_required&gt;False&lt;/field_is_required&gt;&lt;/AddField&gt;&lt;/workflow&gt;&lt;/operationSequence&gt;</Process><Process ToolSource="c:\program files\arcgis\pro\Resources\ArcToolbox\toolboxes\Data Management Tools.tbx\CalculateField" Date="20220729" Time="092223">CalculateField nigerlsms_buff200km lat_long "!latitude! +  !longitude!" PYTHON3 # Text</Process><Process ToolSource="c:\program files\arcgis\pro\Resources\ArcToolbox\toolboxes\Data Management Tools.tbx\Dissolve" Date="20220729" Time="093018">Dissolve nigerlsms_buff200km C:\Users\huda\Documents\ArcGIS\Projects\MyProject3\MyProject3.gdb\nigerlsms_buff200km_Dissolve12 longitude # MULTI_PART DISSOLVE_LINES</Process><Process ToolSource="c:\program files\arcgis\pro\Resources\ArcToolbox\toolboxes\Conversion Tools.tbx\FeatureClassToFeatureClass" Date="20220729" Time="093059">FeatureClassToFeatureClass nigerlsms_buff200km_Dissolve12 C:\DSPG\Sahel_Project\NIger_buffer niger_buffer_686.shp # "longitude "longitude" true true false 8 Double 0 0,First,#,nigerlsms_buff200km_Dissolve12,longitude,-1,-1;Shape_Leng "Shape_Length" false true true 8 Double 0 0,First,#,nigerlsms_buff200km_Dissolve12,Shape_Length,-1,-1;Shape_Area "Shape_Area" false true true 8 Double 0 0,First,#,nigerlsms_buff200km_Dissolve12,Shape_Area,-1,-1" #</Process></lineage></DataProperties><SyncDate>20220729</SyncDate><SyncTime>09305900</SyncTime><ModDate>20220729</ModDate><ModTime>09305900</ModTime></Esri><dataIdInfo><envirDesc Sync="TRUE">Microsoft Windows 10 Version 10.0 (Build 19044) ; Esri ArcGIS 12.5.0.22081</envirDesc><dataLang><languageCode value="eng" Sync="TRUE"></languageCode><countryCode value="USA" Sync="TRUE"></countryCode></dataLang><idCitation><resTitle Sync="TRUE">niger_buffer_686</resTitle><presForm><PresFormCd value="005" Sync="TRUE"></PresFormCd></presForm></idCitation><spatRpType><SpatRepTypCd value="001" Sync="TRUE"></SpatRepTypCd></spatRpType></dataIdInfo><mdLang><languageCode value="eng" Sync="TRUE"></languageCode><countryCode value="USA" Sync="TRUE"></countryCode></mdLang><mdChar><CharSetCd value="004" Sync="TRUE"></CharSetCd></mdChar><distInfo><distFormat><formatName Sync="TRUE">Shapefile</formatName></distFormat><distTranOps><transSize Sync="TRUE">0.000</transSize></distTranOps></distInfo><mdHrLv><ScopeCd value="005" Sync="TRUE"></ScopeCd></mdHrLv><mdHrLvName Sync="TRUE">dataset</mdHrLvName><refSysInfo><RefSystem><refSysID><identCode code="4326" Sync="TRUE"></identCode><idCodeSpace Sync="TRUE">EPSG</idCodeSpace><idVersion Sync="TRUE">6.14(3.0.1)</idVersion></refSysID></RefSystem></refSysInfo><spatRepInfo><VectSpatRep><geometObjs Name="niger_buffer_686"><geoObjTyp><GeoObjTypCd value="002" Sync="TRUE"></GeoObjTypCd></geoObjTyp><geoObjCnt Sync="TRUE">0</geoObjCnt></geometObjs><topLvl><TopoLevCd value="001" Sync="TRUE"></TopoLevCd></topLvl></VectSpatRep></spatRepInfo><spdoinfo><ptvctinf><esriterm Name="niger_buffer_686"><efeatyp Sync="TRUE">Simple</efeatyp><efeageom code="4" Sync="TRUE"></efeageom><esritopo Sync="TRUE">FALSE</esritopo><efeacnt Sync="TRUE">0</efeacnt><spindex Sync="TRUE">FALSE</spindex><linrefer Sync="TRUE">FALSE</linrefer></esriterm></ptvctinf></spdoinfo><eainfo><detailed Name="niger_buffer_686"><enttyp><enttypl Sync="TRUE">niger_buffer_686</enttypl><enttypt Sync="TRUE">Feature Class</enttypt><enttypc Sync="TRUE">0</enttypc></enttyp><attr><attrlabl Sync="TRUE">FID</attrlabl><attalias Sync="TRUE">FID</attalias><attrtype Sync="TRUE">OID</attrtype><attwidth Sync="TRUE">4</attwidth><atprecis Sync="TRUE">0</atprecis><attscale Sync="TRUE">0</attscale><attrdef Sync="TRUE">Internal feature number.</attrdef><attrdefs Sync="TRUE">Esri</attrdefs><attrdomv><udom Sync="TRUE">Sequential unique whole numbers that are automatically generated.</udom></attrdomv></attr><attr><attrlabl Sync="TRUE">Shape</attrlabl><attalias Sync="TRUE">Shape</attalias><attrtype Sync="TRUE">Geometry</attrtype><attwidth Sync="TRUE">0</attwidth><atprecis Sync="TRUE">0</atprecis><attscale Sync="TRUE">0</attscale><attrdef Sync="TRUE">Feature geometry.</attrdef><attrdefs Sync="TRUE">Esri</attrdefs><attrdomv><udom Sync="TRUE">Coordinates defining the features.</udom></attrdomv></attr><attr><attrlabl Sync="TRUE">longitude</attrlabl><attalias Sync="TRUE">longitude</attalias><attrtype Sync="TRUE">Double</attrtype><attwidth Sync="TRUE">19</attwidth><atprecis Sync="TRUE">0</atprecis><attscale Sync="TRUE">0</attscale></attr><attr><attrlabl Sync="TRUE">Shape_Leng</attrlabl><attalias Sync="TRUE">Shape_Leng</attalias><attrtype Sync="TRUE">Double</attrtype><attwidth Sync="TRUE">19</attwidth><atprecis Sync="TRUE">0</atprecis><attscale Sync="TRUE">0</attscale></attr><attr><attrlabl Sync="TRUE">Shape_Area</attrlabl><attalias Sync="TRUE">Shape_Area</attalias><attrtype Sync="TRUE">Double</attrtype><attwidth Sync="TRUE">19</attwidth><atprecis Sync="TRUE">0</atprecis><attscale Sync="TRUE">0</attscale><attrdef Sync="TRUE">Area of feature in internal units squared.</attrdef><attrdefs Sync="TRUE">Esri</attrdefs><attrdomv><udom Sync="TRUE">Positive real numbers that are automatically generated.</udom></attrdomv></attr></detailed></eainfo><mdDateSt Sync="TRUE">20220729</mdDateSt></metadata>
