<?xml version="1.0" encoding="UTF-8"?>
<metadata xml:lang="fr"><Esri><CreaDate>20180613</CreaDate><CreaTime>14212600</CreaTime><ArcGISFormat>1.0</ArcGISFormat><SyncOnce>FALSE</SyncOnce><DataProperties><itemProps><itemName Sync="TRUE">niger_admin2</itemName><imsContentType Sync="TRUE">002</imsContentType><itemLocation><linkage Sync="TRUE">file://\\DESKTOP-16A8J6U\C$\Users\poona\OneDrive\Documents\ArcGIS\Projects\MyProject10\niger_admin2.shp</linkage><protocol Sync="TRUE">Local Area Network</protocol></itemLocation><itemSize Sync="TRUE">0.000</itemSize></itemProps><coordRef><type Sync="TRUE">Geographic</type><geogcsn Sync="TRUE">GCS_WGS_1984</geogcsn><csUnits Sync="TRUE">Angular Unit: Degree (0.017453)</csUnits><peXml Sync="TRUE">&lt;GeographicCoordinateSystem xsi:type='typens:GeographicCoordinateSystem' xmlns:xsi='http://www.w3.org/2001/XMLSchema-instance' xmlns:xs='http://www.w3.org/2001/XMLSchema' xmlns:typens='http://www.esri.com/schemas/ArcGIS/2.9.0'&gt;&lt;WKT&gt;GEOGCS[&amp;quot;GCS_WGS_1984&amp;quot;,DATUM[&amp;quot;D_WGS_1984&amp;quot;,SPHEROID[&amp;quot;WGS_1984&amp;quot;,6378137.0,298.257223563]],PRIMEM[&amp;quot;Greenwich&amp;quot;,0.0],UNIT[&amp;quot;Degree&amp;quot;,0.0174532925199433],AUTHORITY[&amp;quot;EPSG&amp;quot;,4326]]&lt;/WKT&gt;&lt;XOrigin&gt;-400&lt;/XOrigin&gt;&lt;YOrigin&gt;-400&lt;/YOrigin&gt;&lt;XYScale&gt;11258999068426.238&lt;/XYScale&gt;&lt;ZOrigin&gt;-100000&lt;/ZOrigin&gt;&lt;ZScale&gt;10000&lt;/ZScale&gt;&lt;MOrigin&gt;-100000&lt;/MOrigin&gt;&lt;MScale&gt;10000&lt;/MScale&gt;&lt;XYTolerance&gt;8.983152841195215e-09&lt;/XYTolerance&gt;&lt;ZTolerance&gt;0.001&lt;/ZTolerance&gt;&lt;MTolerance&gt;0.001&lt;/MTolerance&gt;&lt;HighPrecision&gt;true&lt;/HighPrecision&gt;&lt;LeftLongitude&gt;-180&lt;/LeftLongitude&gt;&lt;WKID&gt;4326&lt;/WKID&gt;&lt;LatestWKID&gt;4326&lt;/LatestWKID&gt;&lt;/GeographicCoordinateSystem&gt;</peXml></coordRef><lineage><Process ToolSource="c:\program files (x86)\arcgis\desktop10.4\ArcToolbox\Toolboxes\Data Management Tools.tbx\CalculateField" Date="20170608" Time="122700">CalculateField wca_admbnda_adm2_ocha admin1Name "Brikama" VB #</Process><Process ToolSource="c:\program files (x86)\arcgis\desktop10.4\ArcToolbox\Toolboxes\Data Management Tools.tbx\CalculateField" Date="20170608" Time="122742">CalculateField wca_admbnda_adm2_ocha admin1Pcod "GM003" VB #</Process><Process ToolSource="c:\program files (x86)\arcgis\desktop10.4\ArcToolbox\Toolboxes\Data Management Tools.tbx\CalculateField" Date="20170608" Time="122750">CalculateField wca_admbnda_adm2_ocha Rowcacode1 "GMB003" VB #</Process><Process ToolSource="c:\program files (x86)\arcgis\desktop10.4\ArcToolbox\Toolboxes\Data Management Tools.tbx\CalculateField" Date="20170608" Time="123015">CalculateField wca_admbnda_adm2_ocha admin1Name "Mansa Konto" VB #</Process><Process ToolSource="c:\program files (x86)\arcgis\desktop10.4\ArcToolbox\Toolboxes\Data Management Tools.tbx\CalculateField" Date="20170608" Time="123044">CalculateField wca_admbnda_adm2_ocha admin1Pcod "GM008" VB #</Process><Process ToolSource="c:\program files (x86)\arcgis\desktop10.4\ArcToolbox\Toolboxes\Data Management Tools.tbx\CalculateField" Date="20170608" Time="123052">CalculateField wca_admbnda_adm2_ocha Rowcacode1 "GMB008" VB #</Process><Process ToolSource="c:\program files (x86)\arcgis\desktop10.4\ArcToolbox\Toolboxes\Data Management Tools.tbx\CalculateField" Date="20170608" Time="123256">CalculateField wca_admbnda_adm2_ocha admin1Name "Kerewan" VB #</Process><Process ToolSource="c:\program files (x86)\arcgis\desktop10.4\ArcToolbox\Toolboxes\Data Management Tools.tbx\CalculateField" Date="20170608" Time="123315">CalculateField wca_admbnda_adm2_ocha admin1Pcod "GM006" VB #</Process><Process ToolSource="c:\program files (x86)\arcgis\desktop10.4\ArcToolbox\Toolboxes\Data Management Tools.tbx\CalculateField" Date="20170608" Time="123322">CalculateField wca_admbnda_adm2_ocha Rowcacode1 "GMB006" VB #</Process><Process ToolSource="c:\program files (x86)\arcgis\desktop10.4\ArcToolbox\Toolboxes\Data Management Tools.tbx\CalculateField" Date="20170608" Time="123505">CalculateField wca_admbnda_adm2_ocha admin1Name "Kuntaur" VB #</Process><Process ToolSource="c:\program files (x86)\arcgis\desktop10.4\ArcToolbox\Toolboxes\Data Management Tools.tbx\CalculateField" Date="20170608" Time="123519">CalculateField wca_admbnda_adm2_ocha admin1Pcod "GM007" VB #</Process><Process ToolSource="c:\program files (x86)\arcgis\desktop10.4\ArcToolbox\Toolboxes\Data Management Tools.tbx\CalculateField" Date="20170608" Time="123528">CalculateField wca_admbnda_adm2_ocha Rowcacode1 "GMB007" VB #</Process><Process ToolSource="c:\program files (x86)\arcgis\desktop10.4\ArcToolbox\Toolboxes\Data Management Tools.tbx\CalculateField" Date="20170608" Time="123808">CalculateField wca_admbnda_adm2_ocha admin1Name "Janjubureh" VB #</Process><Process ToolSource="c:\program files (x86)\arcgis\desktop10.4\ArcToolbox\Toolboxes\Data Management Tools.tbx\CalculateField" Date="20170608" Time="123820">CalculateField wca_admbnda_adm2_ocha admin1Pcod "GM004" VB #</Process><Process ToolSource="c:\program files (x86)\arcgis\desktop10.4\ArcToolbox\Toolboxes\Data Management Tools.tbx\CalculateField" Date="20170608" Time="123929">CalculateField wca_admbnda_adm2_ocha admin1Name "Basse" VB #</Process><Process ToolSource="c:\program files (x86)\arcgis\desktop10.4\ArcToolbox\Toolboxes\Data Management Tools.tbx\CalculateField" Date="20170608" Time="123945">CalculateField wca_admbnda_adm2_ocha admin1Pcod "GM002" VB #</Process><Process ToolSource="c:\program files (x86)\arcgis\desktop10.4\ArcToolbox\Toolboxes\Data Management Tools.tbx\CalculateField" Date="20170608" Time="124031">CalculateField wca_admbnda_adm2_ocha Rowcacode1 "GMB002" VB #</Process><Process ToolSource="c:\program files (x86)\arcgis\desktop10.4\ArcToolbox\Toolboxes\Data Management Tools.tbx\CalculateField" Date="20170608" Time="125354">CalculateField wca_admbnda_adm2_ocha admin1Name "Zamfara" VB #</Process><Process ToolSource="c:\program files (x86)\arcgis\desktop10.4\ArcToolbox\Toolboxes\Data Management Tools.tbx\CalculateField" Date="20170608" Time="125943">CalculateField wca_admbnda_adm2_ocha admin1Name "Akwa Ibom" VB #</Process><Process ToolSource="c:\program files (x86)\arcgis\desktop10.4\ArcToolbox\Toolboxes\Data Management Tools.tbx\CalculateField" Date="20170608" Time="130528">CalculateField wca_admbnda_adm2_ocha admin1Name "Hadjer-Lamis" VB #</Process><Process ToolSource="c:\program files (x86)\arcgis\desktop10.4\ArcToolbox\Toolboxes\Data Management Tools.tbx\CalculateField" Date="20170608" Time="130607">CalculateField wca_admbnda_adm2_ocha admin1Name "Chari-Baguirmi" VB #</Process><Process ToolSource="c:\program files (x86)\arcgis\desktop10.4\ArcToolbox\Toolboxes\Data Management Tools.tbx\CalculateField" Date="20170608" Time="130643">CalculateField wca_admbnda_adm2_ocha admin1Name "Mayo-Kebbi Ouest" VB #</Process><Process ToolSource="c:\program files (x86)\arcgis\desktop10.4\ArcToolbox\Toolboxes\Data Management Tools.tbx\CalculateField" Date="20170608" Time="130811">CalculateField wca_admbnda_adm2_ocha admin1Name "Tandjile" VB #</Process><Process ToolSource="c:\program files (x86)\arcgis\desktop10.4\ArcToolbox\Toolboxes\Data Management Tools.tbx\CalculateField" Date="20170608" Time="130846">CalculateField wca_admbnda_adm2_ocha admin1Name "Moyen-Chari" VB #</Process><Process ToolSource="c:\program files (x86)\arcgis\desktop10.4\ArcToolbox\Toolboxes\Data Management Tools.tbx\CalculateField" Date="20170608" Time="131051">CalculateField wca_admbnda_adm2_ocha admin1Name "Ennedi-Est" VB #</Process><Process ToolSource="c:\program files (x86)\arcgis\desktop10.4\ArcToolbox\Toolboxes\Data Management Tools.tbx\Merge" Date="20170608" Time="132336">Merge wca_adm2;ci_belier3 C:\Provisoires\GDB\wca_admin2_new.shp "OBJECTID "OBJECTID" true true false 10 Long 0 10 ,First,#,wca_adm2,OBJECTID,-1,-1;admin0Name "admin0Name" true true false 254 Text 0 0 ,First,#,wca_adm2,admin0Name,-1,-1;admin0Pcod "admin0Pcod" true true false 254 Text 0 0 ,First,#,wca_adm2,admin0Pcod,-1,-1;admin1Name "admin1Name" true true false 254 Text 0 0 ,First,#,wca_adm2,admin1Name,-1,-1,ci_belier3,admin1Name,-1,-1;admin2Name "admin2Name" true true false 254 Text 0 0 ,First,#,wca_adm2,admin2Name,-1,-1;admin1Pcod "admin1Pcod" true true false 254 Text 0 0 ,First,#,wca_adm2,admin1Pcod,-1,-1;admin2Pcod "admin2Pcod" true true false 254 Text 0 0 ,First,#,wca_adm2,admin2Pcod,-1,-1;Rowcacode1 "Rowcacode1" true true false 254 Text 0 0 ,First,#,wca_adm2,Rowcacode1,-1,-1;Rowcacode2 "Rowcacode2" true true false 254 Text 0 0 ,First,#,wca_adm2,Rowcacode2,-1,-1;Shape_Leng "Shape_Leng" true true false 19 Double 0 0 ,First,#,wca_adm2,Shape_Leng,-1,-1;Shape_Area "Shape_Area" true true false 19 Double 0 0 ,First,#,wca_adm2,Shape_Area,-1,-1"</Process><Process ToolSource="c:\program files (x86)\arcgis\desktop10.4\ArcToolbox\Toolboxes\Data Management Tools.tbx\CalculateField" Date="20170608" Time="140656">CalculateField wca_admbnda_adm2_ocha admin1Pcod "CD052" VB #</Process><Process ToolSource="c:\program files (x86)\arcgis\desktop10.4\ArcToolbox\Toolboxes\Data Management Tools.tbx\CalculateField" Date="20170608" Time="140708">CalculateField wca_admbnda_adm2_ocha admin1Pcod "CD041" VB #</Process><Process ToolSource="c:\program files (x86)\arcgis\desktop10.4\ArcToolbox\Toolboxes\Data Management Tools.tbx\CalculateField" Date="20170608" Time="140720">CalculateField wca_admbnda_adm2_ocha admin1Pcod "CD071" VB #</Process><Process ToolSource="c:\program files (x86)\arcgis\desktop10.4\ArcToolbox\Toolboxes\Data Management Tools.tbx\CalculateField" Date="20170608" Time="140733">CalculateField wca_admbnda_adm2_ocha admin1Pcod "CD073" VB #</Process><Process ToolSource="c:\program files (x86)\arcgis\desktop10.4\ArcToolbox\Toolboxes\Data Management Tools.tbx\CalculateField" Date="20170608" Time="140752">CalculateField wca_admbnda_adm2_ocha admin1Pcod "CD053" VB #</Process><Process ToolSource="c:\program files (x86)\arcgis\desktop10.4\ArcToolbox\Toolboxes\Data Management Tools.tbx\CalculateField" Date="20170608" Time="140804">CalculateField wca_admbnda_adm2_ocha admin1Pcod "CD054" VB #</Process><Process ToolSource="c:\program files (x86)\arcgis\desktop10.4\ArcToolbox\Toolboxes\Data Management Tools.tbx\CalculateField" Date="20170608" Time="140820">CalculateField wca_admbnda_adm2_ocha admin1Pcod "CD091" VB #</Process><Process ToolSource="c:\program files (x86)\arcgis\desktop10.4\ArcToolbox\Toolboxes\Data Management Tools.tbx\CalculateField" Date="20170608" Time="140834">CalculateField wca_admbnda_adm2_ocha admin1Pcod "CD091" VB #</Process><Process ToolSource="c:\program files (x86)\arcgis\desktop10.4\ArcToolbox\Toolboxes\Data Management Tools.tbx\CalculateField" Date="20170608" Time="140844">CalculateField wca_admbnda_adm2_ocha admin1Pcod "CD092" VB #</Process><Process ToolSource="c:\program files (x86)\arcgis\desktop10.4\ArcToolbox\Toolboxes\Data Management Tools.tbx\CalculateField" Date="20170608" Time="140856">CalculateField wca_admbnda_adm2_ocha admin1Pcod "CD082" VB #</Process><Process ToolSource="c:\program files (x86)\arcgis\desktop10.4\ArcToolbox\Toolboxes\Data Management Tools.tbx\CalculateField" Date="20170608" Time="140910">CalculateField wca_admbnda_adm2_ocha admin1Pcod "CD010" VB #</Process><Process ToolSource="c:\program files (x86)\arcgis\desktop10.4\ArcToolbox\Toolboxes\Data Management Tools.tbx\CalculateField" Date="20170608" Time="140922">CalculateField wca_admbnda_adm2_ocha admin1Pcod "CD020" VB #</Process><Process ToolSource="c:\program files (x86)\arcgis\desktop10.4\ArcToolbox\Toolboxes\Data Management Tools.tbx\CalculateField" Date="20170608" Time="140936">CalculateField wca_admbnda_adm2_ocha admin1Pcod "CD031" VB #</Process><Process ToolSource="c:\program files (x86)\arcgis\desktop10.4\ArcToolbox\Toolboxes\Data Management Tools.tbx\CalculateField" Date="20170608" Time="140949">CalculateField wca_admbnda_adm2_ocha admin1Pcod "CD032" VB #</Process><Process ToolSource="c:\program files (x86)\arcgis\desktop10.4\ArcToolbox\Toolboxes\Data Management Tools.tbx\CalculateField" Date="20170608" Time="141000">CalculateField wca_admbnda_adm2_ocha admin1Pcod "CD081" VB #</Process><Process ToolSource="c:\program files (x86)\arcgis\desktop10.4\ArcToolbox\Toolboxes\Data Management Tools.tbx\CalculateField" Date="20170608" Time="141026">CalculateField wca_admbnda_adm2_ocha admin1Pcod "CD0712" VB #</Process><Process ToolSource="c:\program files (x86)\arcgis\desktop10.4\ArcToolbox\Toolboxes\Data Management Tools.tbx\CalculateField" Date="20170608" Time="141045">CalculateField wca_admbnda_adm2_ocha admin1Pcod "CD033" VB #</Process><Process ToolSource="c:\program files (x86)\arcgis\desktop10.4\ArcToolbox\Toolboxes\Data Management Tools.tbx\CalculateField" Date="20170608" Time="141055">CalculateField wca_admbnda_adm2_ocha admin1Pcod "CD072" VB #</Process><Process ToolSource="c:\program files (x86)\arcgis\desktop10.4\ArcToolbox\Toolboxes\Data Management Tools.tbx\CalculateField" Date="20170608" Time="141112">CalculateField wca_admbnda_adm2_ocha admin1Pcod "CD063" VB #</Process><Process ToolSource="c:\program files (x86)\arcgis\desktop10.4\ArcToolbox\Toolboxes\Data Management Tools.tbx\CalculateField" Date="20170608" Time="141127">CalculateField wca_admbnda_adm2_ocha admin1Pcod "CD044" VB #</Process><Process ToolSource="c:\program files (x86)\arcgis\desktop10.4\ArcToolbox\Toolboxes\Data Management Tools.tbx\CalculateField" Date="20170608" Time="141142">CalculateField wca_admbnda_adm2_ocha admin1Pcod "CD061" VB #</Process><Process ToolSource="c:\program files (x86)\arcgis\desktop10.4\ArcToolbox\Toolboxes\Data Management Tools.tbx\CalculateField" Date="20170608" Time="141154">CalculateField wca_admbnda_adm2_ocha admin1Pcod "CD043" VB #</Process><Process ToolSource="c:\program files (x86)\arcgis\desktop10.4\ArcToolbox\Toolboxes\Data Management Tools.tbx\CalculateField" Date="20170608" Time="141206">CalculateField wca_admbnda_adm2_ocha admin1Pcod "CD083" VB #</Process><Process ToolSource="c:\program files (x86)\arcgis\desktop10.4\ArcToolbox\Toolboxes\Data Management Tools.tbx\CalculateField" Date="20170608" Time="141219">CalculateField wca_admbnda_adm2_ocha admin1Pcod "CD062" VB #</Process><Process ToolSource="c:\program files (x86)\arcgis\desktop10.4\ArcToolbox\Toolboxes\Data Management Tools.tbx\CalculateField" Date="20170608" Time="141231">CalculateField wca_admbnda_adm2_ocha admin1Pcod "CD042" VB #</Process><Process ToolSource="c:\program files (x86)\arcgis\desktop10.4\ArcToolbox\Toolboxes\Data Management Tools.tbx\CalculateField" Date="20170608" Time="141244">CalculateField wca_admbnda_adm2_ocha admin1Pcod "CD074" VB #</Process><Process ToolSource="c:\program files (x86)\arcgis\desktop10.4\ArcToolbox\Toolboxes\Data Management Tools.tbx\CalculateField" Date="20170608" Time="141256">CalculateField wca_admbnda_adm2_ocha admin1Pcod "CD051" VB #</Process><Process ToolSource="c:\program files (x86)\arcgis\desktop10.4\ArcToolbox\Toolboxes\Data Management Tools.tbx\CalculateField" Date="20170608" Time="141307">CalculateField wca_admbnda_adm2_ocha admin1Pcod "CD045" VB #</Process><Process ToolSource="c:\program files (x86)\arcgis\desktop10.4\ArcToolbox\Toolboxes\Data Management Tools.tbx\CalculateField" Date="20170608" Time="141335">CalculateField wca_admbnda_adm2_ocha Rowcacode1 ""COD"&amp;Right ( [admin1Pcod],Len( [admin1Pcod]) - 2)" VB #</Process><Process ToolSource="c:\program files (x86)\arcgis\desktop10.4\ArcToolbox\Toolboxes\Data Management Tools.tbx\CalculateField" Date="20170608" Time="141449">CalculateField wca_admbnda_adm2_ocha admin2Pcod [admin1Pcod] VB #</Process><Process ToolSource="c:\program files (x86)\arcgis\desktop10.4\ArcToolbox\Toolboxes\Data Management Tools.tbx\CalculateField" Date="20170608" Time="152000">CalculateField wca_admbnda_adm2_ocha Rowcacode2 ""COD"&amp;Right ( [admin2Pcod],Len( [admin2Pcod]) - 2)" VB #</Process><Process ToolSource="c:\program files (x86)\arcgis\desktop10.4\ArcToolbox\Toolboxes\Data Management Tools.tbx\CalculateField" Date="20170609" Time="083201">CalculateField wca_adm2_tot admin0Name [CNTRY_NAME] VB #</Process><Process ToolSource="c:\program files (x86)\arcgis\desktop10.4\ArcToolbox\Toolboxes\Data Management Tools.tbx\CalculateField" Date="20170609" Time="083212">CalculateField wca_adm2_tot admin0Pcod [CNTRY_CODE] VB #</Process><Process ToolSource="c:\program files (x86)\arcgis\desktop10.4\ArcToolbox\Toolboxes\Data Management Tools.tbx\CalculateField" Date="20170609" Time="083254">CalculateField wca_adm2_tot admin0Pcod "ST" VB #</Process><Process ToolSource="c:\program files (x86)\arcgis\desktop10.4\ArcToolbox\Toolboxes\Data Management Tools.tbx\CalculateField" Date="20170609" Time="083313">CalculateField wca_adm2_tot admin1Name [ADM1_NAME] VB #</Process><Process ToolSource="c:\program files (x86)\arcgis\desktop10.4\ArcToolbox\Toolboxes\Data Management Tools.tbx\CalculateField" Date="20170609" Time="083326">CalculateField wca_adm2_tot admin2Name [ADM2_NAME] VB #</Process><Process ToolSource="c:\program files (x86)\arcgis\desktop10.4\ArcToolbox\Toolboxes\Data Management Tools.tbx\CalculateField" Date="20170609" Time="083338">CalculateField wca_adm2_tot admin1Pcod [HRpcode] VB #</Process><Process ToolSource="c:\program files (x86)\arcgis\desktop10.4\ArcToolbox\Toolboxes\Data Management Tools.tbx\CalculateField" Date="20170609" Time="083353">CalculateField wca_adm2_tot admin2Pcod [HRpcode] VB #</Process><Process ToolSource="c:\program files (x86)\arcgis\desktop10.4\ArcToolbox\Toolboxes\Data Management Tools.tbx\CalculateField" Date="20170609" Time="083401">CalculateField wca_adm2_tot admin1Pcod [HRparent] VB #</Process><Process ToolSource="c:\program files (x86)\arcgis\desktop10.4\ArcToolbox\Toolboxes\Data Management Tools.tbx\CalculateField" Date="20170707" Time="094439">CalculateField wca_adm2 admin1Name [admin2Name] VB #</Process><Process ToolSource="c:\program files (x86)\arcgis\desktop10.4\ArcToolbox\Toolboxes\Data Management Tools.tbx\CalculateField" Date="20170707" Time="094451">CalculateField wca_adm2 admin2Name [admin3Name] VB #</Process><Process ToolSource="c:\program files (x86)\arcgis\desktop10.4\ArcToolbox\Toolboxes\Data Management Tools.tbx\CalculateField" Date="20170921" Time="145400">CalculateField wca_admbnda_adm2_ocha admin1Name "Janjabureh" VB #</Process><Process ToolSource="c:\program files (x86)\arcgis\desktop10.4\ArcToolbox\Toolboxes\Data Management Tools.tbx\CalculateField" Date="20170921" Time="145432">CalculateField wca_admbnda_adm2_ocha admin1Name "Kuntaur" VB #</Process><Process ToolSource="c:\program files (x86)\arcgis\desktop10.4\ArcToolbox\Toolboxes\Data Management Tools.tbx\CalculateField" Date="20170921" Time="145538">CalculateField wca_admbnda_adm2_ocha admin1Pcod "GM004" VB #</Process><Process ToolSource="c:\program files (x86)\arcgis\desktop10.4\ArcToolbox\Toolboxes\Data Management Tools.tbx\CalculateField" Date="20170921" Time="145553">CalculateField wca_admbnda_adm2_ocha Rowcacode1 "GMB004" VB #</Process><Process ToolSource="c:\program files (x86)\arcgis\desktop10.4\ArcToolbox\Toolboxes\Data Management Tools.tbx\CalculateField" Date="20170921" Time="145625">CalculateField wca_admbnda_adm2_ocha admin1Pcod "GM007" VB #</Process><Process ToolSource="c:\program files (x86)\arcgis\desktop10.4\ArcToolbox\Toolboxes\Data Management Tools.tbx\CalculateField" Date="20170921" Time="145634">CalculateField wca_admbnda_adm2_ocha Rowcacode1 "GMB007" VB #</Process><Process ToolSource="c:\program files (x86)\arcgis\desktop10.4\ArcToolbox\Toolboxes\Data Management Tools.tbx\CalculateField" Date="20170921" Time="145721">CalculateField wca_admbnda_adm2_ocha admin2Pcod "GM004005" VB #</Process><Process ToolSource="c:\program files (x86)\arcgis\desktop10.4\ArcToolbox\Toolboxes\Data Management Tools.tbx\CalculateField" Date="20170921" Time="145733">CalculateField wca_admbnda_adm2_ocha Rowcacode2 "GMB004005" VB #</Process><Process ToolSource="c:\program files (x86)\arcgis\desktop10.4\ArcToolbox\Toolboxes\Data Management Tools.tbx\CalculateField" Date="20170921" Time="145752">CalculateField wca_admbnda_adm2_ocha Rowcacode2 "GMB004003" VB #</Process><Process ToolSource="c:\program files (x86)\arcgis\desktop10.4\ArcToolbox\Toolboxes\Data Management Tools.tbx\CalculateField" Date="20170921" Time="145800">CalculateField wca_admbnda_adm2_ocha admin2Pcod "GM004003" VB #</Process><Process ToolSource="c:\program files (x86)\arcgis\desktop10.4\ArcToolbox\Toolboxes\Data Management Tools.tbx\CalculateField" Date="20170921" Time="145815">CalculateField wca_admbnda_adm2_ocha admin2Pcod "GM004004" VB #</Process><Process ToolSource="c:\program files (x86)\arcgis\desktop10.4\ArcToolbox\Toolboxes\Data Management Tools.tbx\CalculateField" Date="20170921" Time="145857">CalculateField wca_admbnda_adm2_ocha Rowcacode2 "GMB004004" VB #</Process><Process ToolSource="c:\program files (x86)\arcgis\desktop10.4\ArcToolbox\Toolboxes\Data Management Tools.tbx\CalculateField" Date="20170921" Time="145918">CalculateField wca_admbnda_adm2_ocha Rowcacode2 "GMB007003" VB #</Process><Process ToolSource="c:\program files (x86)\arcgis\desktop10.4\ArcToolbox\Toolboxes\Data Management Tools.tbx\CalculateField" Date="20170921" Time="145938">CalculateField wca_admbnda_adm2_ocha admin2Pcod "GM007003" VB #</Process><Process ToolSource="c:\program files (x86)\arcgis\desktop10.4\ArcToolbox\Toolboxes\Data Management Tools.tbx\CalculateField" Date="20170921" Time="145948">CalculateField wca_admbnda_adm2_ocha admin2Pcod "GM007002" VB #</Process><Process ToolSource="c:\program files (x86)\arcgis\desktop10.4\ArcToolbox\Toolboxes\Data Management Tools.tbx\CalculateField" Date="20170921" Time="145956">CalculateField wca_admbnda_adm2_ocha Rowcacode2 "GMB007002" VB #</Process><Process ToolSource="c:\program files (x86)\arcgis\desktop10.4\ArcToolbox\Toolboxes\Data Management Tools.tbx\CalculateField" Date="20170921" Time="150015">CalculateField wca_admbnda_adm2_ocha Rowcacode2 "GMB007004" VB #</Process><Process ToolSource="c:\program files (x86)\arcgis\desktop10.4\ArcToolbox\Toolboxes\Data Management Tools.tbx\CalculateField" Date="20170921" Time="150027">CalculateField wca_admbnda_adm2_ocha admin2Pcod "GM007004" VB #</Process><Process ToolSource="c:\program files (x86)\arcgis\desktop10.4\ArcToolbox\Toolboxes\Data Management Tools.tbx\CalculateField" Date="20170921" Time="150457">CalculateField wca_adm2 admin1Name "Janjanbureh" VB #</Process><Process ToolSource="c:\program files (x86)\arcgis\desktop10.4\ArcToolbox\Toolboxes\Data Management Tools.tbx\CalculateField" Date="20170921" Time="150524">CalculateField wca_adm2 admin1Name "Mansa Konko" VB #</Process><Process ToolSource="c:\program files (x86)\arcgis\desktop10.4\ArcToolbox\Toolboxes\Data Management Tools.tbx\CalculateField" Date="20170927" Time="100016">CalculateField wca_adm2 correct "[admin0Pcod] &amp;Right ( [admin1Pcod],Len( [admin1Pcod]) - 3)" VB #</Process><Process ToolSource="c:\program files (x86)\arcgis\desktop10.4\ArcToolbox\Toolboxes\Data Management Tools.tbx\CalculateField" Date="20170927" Time="100027">CalculateField wca_adm2 admin1Pcod [correct] VB #</Process><Process ToolSource="c:\program files (x86)\arcgis\desktop10.4\ArcToolbox\Toolboxes\Data Management Tools.tbx\CalculateField" Date="20170927" Time="100410">CalculateField wca_adm2 correct "[admin1Pcod] &amp;Right ( [admin2Pcod],Len( [admin2Pcod]) - 4)" VB #</Process><Process ToolSource="c:\program files (x86)\arcgis\desktop10.4\ArcToolbox\Toolboxes\Data Management Tools.tbx\CalculateField" Date="20170927" Time="100505">CalculateField wca_adm2 correct "0" VB #</Process><Process ToolSource="c:\program files (x86)\arcgis\desktop10.4\ArcToolbox\Toolboxes\Data Management Tools.tbx\CalculateField" Date="20170927" Time="100606">CalculateField wca_adm2 correct "Right ( [admin2Pcod] ,Len( [admin2Pcod] ) - 5)" VB #</Process><Process ToolSource="c:\program files (x86)\arcgis\desktop10.4\ArcToolbox\Toolboxes\Data Management Tools.tbx\CalculateField" Date="20170927" Time="100625">CalculateField wca_adm2 correct "Right ( [correct] ,Len( [correct] ) - 1)" VB #</Process><Process ToolSource="c:\program files (x86)\arcgis\desktop10.4\ArcToolbox\Toolboxes\Data Management Tools.tbx\CalculateField" Date="20170927" Time="100708">CalculateField wca_adm2 correct2 "[admin1Pcod]&amp; [correct]" VB #</Process><Process ToolSource="c:\program files (x86)\arcgis\desktop10.4\ArcToolbox\Toolboxes\Data Management Tools.tbx\CalculateField" Date="20170927" Time="100736">CalculateField wca_adm2 admin2Pcod [correct2] VB #</Process><Process ToolSource="c:\program files (x86)\arcgis\desktop10.4\ArcToolbox\Toolboxes\Data Management Tools.tbx\CalculateField" Date="20170927" Time="102746">CalculateField wca_adm2 admin1Name "Nana-Grebizi" VB #</Process><Process ToolSource="c:\program files (x86)\arcgis\desktop10.4\ArcToolbox\Toolboxes\Data Management Tools.tbx\CalculateField" Date="20170927" Time="102832">CalculateField wca_adm2 admin2Name "Mbres" VB #</Process><Process ToolSource="c:\program files (x86)\arcgis\desktop10.4\ArcToolbox\Toolboxes\Data Management Tools.tbx\CalculateField" Date="20170927" Time="103512">CalculateField wca_adm2 admin1Name "Nana-Mambere" VB #</Process><Process ToolSource="c:\program files (x86)\arcgis\desktop10.4\ArcToolbox\Toolboxes\Data Management Tools.tbx\CalculateField" Date="20170927" Time="103542">CalculateField wca_adm2 admin1Name "Ouaddai" VB #</Process><Process ToolSource="c:\program files (x86)\arcgis\desktop10.4\ArcToolbox\Toolboxes\Data Management Tools.tbx\CalculateField" Date="20170927" Time="103603">CalculateField wca_adm2 admin1Name "Ouham Pende" VB #</Process><Process ToolSource="c:\program files (x86)\arcgis\desktop10.4\ArcToolbox\Toolboxes\Data Management Tools.tbx\CalculateField" Date="20170927" Time="103640">CalculateField wca_adm2 admin2Name "Bossemtele" VB #</Process><Process ToolSource="c:\program files (x86)\arcgis\desktop10.4\ArcToolbox\Toolboxes\Data Management Tools.tbx\CalculateField" Date="20170927" Time="103712">CalculateField wca_adm2 admin1Name "Sangha-Mbaere" VB #</Process><Process ToolSource="c:\program files (x86)\arcgis\desktop10.4\ArcToolbox\Toolboxes\Data Management Tools.tbx\CalculateField" Date="20170927" Time="103738">CalculateField wca_adm2 admin2Name "Tera" VB #</Process><Process ToolSource="c:\program files (x86)\arcgis\desktop10.4\ArcToolbox\Toolboxes\Data Management Tools.tbx\CalculateField" Date="20170927" Time="103804">CalculateField wca_adm2 admin2Name "Tillabery" VB #</Process><Process ToolSource="c:\program files (x86)\arcgis\desktop10.4\ArcToolbox\Toolboxes\Data Management Tools.tbx\CalculateField" Date="20170927" Time="103819">CalculateField wca_adm2 admin2Name "Filingue" VB #</Process><Process ToolSource="c:\program files (x86)\arcgis\desktop10.4\ArcToolbox\Toolboxes\Data Management Tools.tbx\CalculateField" Date="20170927" Time="103840">CalculateField wca_adm2 admin2Name "Danane" VB #</Process><Process ToolSource="c:\program files (x86)\arcgis\desktop10.4\ArcToolbox\Toolboxes\Data Management Tools.tbx\CalculateField" Date="20171004" Time="150944">CalculateField wca_adm2 correct "Left ( [Rowcacode1] ,Len( [Rowcacode1] ) - 3)&amp;Right ( [admin1Pcod],Len( [admin1Pcod]) - 3)" VB #</Process><Process ToolSource="c:\program files (x86)\arcgis\desktop10.4\ArcToolbox\Toolboxes\Data Management Tools.tbx\CalculateField" Date="20171004" Time="150953">CalculateField wca_adm2 correct "Left ( [Rowcacode1] ,Len( [Rowcacode1] ) - 3)&amp;Right ( [admin1Pcod],Len( [admin1Pcod]) - 2)" VB #</Process><Process ToolSource="c:\program files (x86)\arcgis\desktop10.4\ArcToolbox\Toolboxes\Data Management Tools.tbx\CalculateField" Date="20171004" Time="151541">CalculateField wca_adm2 correct ""SLE0"&amp;Right ( [admin2Pcod],Len( [admin2Pcod]) - 2)" VB #</Process><Process ToolSource="c:\program files (x86)\arcgis\desktop10.4\ArcToolbox\Toolboxes\Data Management Tools.tbx\CalculateField" Date="20171004" Time="151657">CalculateField wca_adm2 correct ""SLE0"&amp;Right ( [admin2Pcod],Len( [admin2Pcod]) - 2)" VB #</Process><Process ToolSource="c:\program files (x86)\arcgis\desktop10.4\ArcToolbox\Toolboxes\Data Management Tools.tbx\CalculateField" Date="20171004" Time="151730">CalculateField wca_adm2 correct "Left ( [correct] ,Len( [correct] ) - 1)" VB #</Process><Process ToolSource="c:\program files (x86)\arcgis\desktop10.4\ArcToolbox\Toolboxes\Data Management Tools.tbx\CalculateField" Date="20171004" Time="151740">CalculateField wca_adm2 correct "Left ( [correct] ,Len( [correct] ) - 1)" VB #</Process><Process ToolSource="c:\program files (x86)\arcgis\desktop10.4\ArcToolbox\Toolboxes\Data Management Tools.tbx\CalculateField" Date="20171004" Time="151948">CalculateField wca_adm2 Rowcacode1 [correct] VB #</Process><Process ToolSource="c:\program files (x86)\arcgis\desktop10.4\ArcToolbox\Toolboxes\Data Management Tools.tbx\CalculateField" Date="20171004" Time="152102">CalculateField wca_adm2 correct "[Rowcacode1] &amp;Right ( [Rowcacode2] ,Len( [Rowcacode2] ) - 5)" VB #</Process><Process ToolSource="c:\program files (x86)\arcgis\desktop10.4\ArcToolbox\Toolboxes\Data Management Tools.tbx\CalculateField" Date="20171004" Time="152137">CalculateField wca_adm2 correct "[Rowcacode1] &amp;Right ( [Rowcacode2] ,Len( [Rowcacode2] ) - 6)" VB #</Process><Process ToolSource="c:\program files (x86)\arcgis\desktop10.4\ArcToolbox\Toolboxes\Data Management Tools.tbx\CalculateField" Date="20171004" Time="154907">CalculateField wca_adm2 correct "Right ( [admin2Pcod] ,Len( [admin2Pcod] ) - 3)" VB #</Process><Process ToolSource="c:\program files (x86)\arcgis\desktop10.4\ArcToolbox\Toolboxes\Data Management Tools.tbx\CalculateField" Date="20171004" Time="154920">CalculateField wca_adm2 correct "Right ( [admin2Pcod] ,Len( [admin2Pcod] ) - 4)" VB #</Process><Process ToolSource="c:\program files (x86)\arcgis\desktop10.4\ArcToolbox\Toolboxes\Data Management Tools.tbx\CalculateField" Date="20171004" Time="154946">CalculateField wca_adm2 correct2 "[admin1Pcod]&amp; [correct2]" VB #</Process><Process ToolSource="c:\program files (x86)\arcgis\desktop10.4\ArcToolbox\Toolboxes\Data Management Tools.tbx\CalculateField" Date="20171004" Time="155012">CalculateField wca_adm2 correct2 "[admin1Pcod]&amp; [correct]" VB #</Process><Process ToolSource="c:\program files (x86)\arcgis\desktop10.4\ArcToolbox\Toolboxes\Data Management Tools.tbx\CalculateField" Date="20171004" Time="155027">CalculateField wca_adm2 correct2 "[Rowcacode1] &amp; [correct]" VB #</Process><Process ToolSource="c:\program files (x86)\arcgis\desktop10.4\ArcToolbox\Toolboxes\Data Management Tools.tbx\CalculateField" Date="20171004" Time="155036">CalculateField wca_adm2 Rowcacode2 [correct2] VB #</Process><Process ToolSource="c:\program files (x86)\arcgis\desktop10.4\ArcToolbox\Toolboxes\Data Management Tools.tbx\CalculateField" Date="20171004" Time="155228">CalculateField wca_adm2 admin1Pcod ""SL"&amp;Right ( [Rowcacode1] ,Len( [Rowcacode1] ) - 3)" VB #</Process><Process ToolSource="c:\program files (x86)\arcgis\desktop10.4\ArcToolbox\Toolboxes\Data Management Tools.tbx\CalculateField" Date="20171004" Time="155337">CalculateField wca_adm2 admin2Pcod "[admin1Pcod] &amp;Right ( [Rowcacode2] ,Len( [Rowcacode2] ) - 10)" VB #</Process><Process ToolSource="c:\program files (x86)\arcgis\desktop10.4\ArcToolbox\Toolboxes\Data Management Tools.tbx\CalculateField" Date="20171004" Time="155414">CalculateField wca_adm2 Rowcacode1 ""SLE" &amp;Right ( [admin1Pcod] ,Len( [admin1Pcod] ) - 2)" VB #</Process><Process ToolSource="c:\program files (x86)\arcgis\desktop10.4\ArcToolbox\Toolboxes\Data Management Tools.tbx\CalculateField" Date="20171004" Time="155454">CalculateField wca_adm2 Rowcacode2 "[Rowcacode1] &amp;Right ( [admin2Pcod] ,Len( [admin2Pcod] ) - 6)" VB #</Process><Process ToolSource="c:\program files (x86)\arcgis\desktop10.4\ArcToolbox\Toolboxes\Data Management Tools.tbx\CalculateField" Date="20180205" Time="121825">CalculateField wca_admbnda_adm2_ocha admi0Pcod3 "BEN" VB #</Process><Process ToolSource="c:\program files (x86)\arcgis\desktop10.4\ArcToolbox\Toolboxes\Data Management Tools.tbx\CalculateField" Date="20180205" Time="121846">CalculateField wca_admbnda_adm2_ocha admi0Pcod3 "BFA" VB #</Process><Process ToolSource="c:\program files (x86)\arcgis\desktop10.4\ArcToolbox\Toolboxes\Data Management Tools.tbx\CalculateField" Date="20180205" Time="121902">CalculateField wca_admbnda_adm2_ocha admi0Pcod3 "CMR" VB #</Process><Process ToolSource="c:\program files (x86)\arcgis\desktop10.4\ArcToolbox\Toolboxes\Data Management Tools.tbx\CalculateField" Date="20180205" Time="122031">CalculateField wca_admbnda_adm2_ocha admi0Pcod3 "CAF" VB #</Process><Process ToolSource="c:\program files (x86)\arcgis\desktop10.4\ArcToolbox\Toolboxes\Data Management Tools.tbx\CalculateField" Date="20180205" Time="122053">CalculateField wca_admbnda_adm2_ocha admi0Pcod3 "TCD" VB #</Process><Process ToolSource="c:\program files (x86)\arcgis\desktop10.4\ArcToolbox\Toolboxes\Data Management Tools.tbx\CalculateField" Date="20180205" Time="122106">CalculateField wca_admbnda_adm2_ocha admi0Pcod3 "CIV" VB #</Process><Process ToolSource="c:\program files (x86)\arcgis\desktop10.4\ArcToolbox\Toolboxes\Data Management Tools.tbx\CalculateField" Date="20180205" Time="122120">CalculateField wca_admbnda_adm2_ocha admi0Pcod3 "COD" VB #</Process><Process ToolSource="c:\program files (x86)\arcgis\desktop10.4\ArcToolbox\Toolboxes\Data Management Tools.tbx\CalculateField" Date="20180205" Time="122136">CalculateField wca_admbnda_adm2_ocha admi0Pcod3 "GNQ" VB #</Process><Process ToolSource="c:\program files (x86)\arcgis\desktop10.4\ArcToolbox\Toolboxes\Data Management Tools.tbx\CalculateField" Date="20180205" Time="122156">CalculateField wca_admbnda_adm2_ocha admi0Pcod3 "GAB" VB #</Process><Process ToolSource="c:\program files (x86)\arcgis\desktop10.4\ArcToolbox\Toolboxes\Data Management Tools.tbx\CalculateField" Date="20180205" Time="122208">CalculateField wca_admbnda_adm2_ocha admi0Pcod3 "GMB" VB #</Process><Process ToolSource="c:\program files (x86)\arcgis\desktop10.4\ArcToolbox\Toolboxes\Data Management Tools.tbx\CalculateField" Date="20180205" Time="122222">CalculateField wca_admbnda_adm2_ocha admi0Pcod3 "GHA" VB #</Process><Process ToolSource="c:\program files (x86)\arcgis\desktop10.4\ArcToolbox\Toolboxes\Data Management Tools.tbx\CalculateField" Date="20180205" Time="122233">CalculateField wca_admbnda_adm2_ocha admi0Pcod3 "GIN" VB #</Process><Process ToolSource="c:\program files (x86)\arcgis\desktop10.4\ArcToolbox\Toolboxes\Data Management Tools.tbx\CalculateField" Date="20180205" Time="122518">CalculateField wca_admbnda_adm2_ocha admi0Pcod3 "GNB" VB #</Process><Process ToolSource="c:\program files (x86)\arcgis\desktop10.4\ArcToolbox\Toolboxes\Data Management Tools.tbx\CalculateField" Date="20180205" Time="122536">CalculateField wca_admbnda_adm2_ocha admi0Pcod3 "LBR" VB #</Process><Process ToolSource="c:\program files (x86)\arcgis\desktop10.4\ArcToolbox\Toolboxes\Data Management Tools.tbx\CalculateField" Date="20180205" Time="122554">CalculateField wca_admbnda_adm2_ocha admi0Pcod3 "MLI" VB #</Process><Process ToolSource="c:\program files (x86)\arcgis\desktop10.4\ArcToolbox\Toolboxes\Data Management Tools.tbx\CalculateField" Date="20180205" Time="122606">CalculateField wca_admbnda_adm2_ocha admi0Pcod3 "MRT" VB #</Process><Process ToolSource="c:\program files (x86)\arcgis\desktop10.4\ArcToolbox\Toolboxes\Data Management Tools.tbx\CalculateField" Date="20180205" Time="122620">CalculateField wca_admbnda_adm2_ocha admi0Pcod3 "NER" VB #</Process><Process ToolSource="c:\program files (x86)\arcgis\desktop10.4\ArcToolbox\Toolboxes\Data Management Tools.tbx\CalculateField" Date="20180205" Time="122631">CalculateField wca_admbnda_adm2_ocha admi0Pcod3 "NGA" VB #</Process><Process ToolSource="c:\program files (x86)\arcgis\desktop10.4\ArcToolbox\Toolboxes\Data Management Tools.tbx\CalculateField" Date="20180205" Time="122719">CalculateField wca_admbnda_adm2_ocha admi0Pcod3 "COG" VB #</Process><Process ToolSource="c:\program files (x86)\arcgis\desktop10.4\ArcToolbox\Toolboxes\Data Management Tools.tbx\CalculateField" Date="20180205" Time="122731">CalculateField wca_admbnda_adm2_ocha admi0Pcod3 "STP" VB #</Process><Process ToolSource="c:\program files (x86)\arcgis\desktop10.4\ArcToolbox\Toolboxes\Data Management Tools.tbx\CalculateField" Date="20180205" Time="122741">CalculateField wca_admbnda_adm2_ocha admi0Pcod3 "SEN" VB #</Process><Process ToolSource="c:\program files (x86)\arcgis\desktop10.4\ArcToolbox\Toolboxes\Data Management Tools.tbx\CalculateField" Date="20180205" Time="122754">CalculateField wca_admbnda_adm2_ocha admi0Pcod3 "SLE" VB #</Process><Process ToolSource="c:\program files (x86)\arcgis\desktop10.4\ArcToolbox\Toolboxes\Data Management Tools.tbx\CalculateField" Date="20180205" Time="122804">CalculateField wca_admbnda_adm2_ocha admi0Pcod3 "TGO" VB #</Process><Process ToolSource="c:\program files (x86)\arcgis\desktop10.4\ArcToolbox\Toolboxes\Data Management Tools.tbx\CalculateField" Date="20180205" Time="122846">CalculateField wca_admbnda_adm2_ocha adm1Pcod3 "[admi0Pcod3] &amp;Right ( [admin1Pcod],Len( [admin1Pcod]) - 2)" VB #</Process><Process ToolSource="c:\program files (x86)\arcgis\desktop10.4\ArcToolbox\Toolboxes\Data Management Tools.tbx\CalculateField" Date="20180205" Time="122855">CalculateField wca_admbnda_adm2_ocha adm1Pcod3 "[admi0Pcod3] &amp;"0"&amp;Right ( [admin1Pcod],Len( [admin1Pcod]) - 2)" VB #</Process><Process ToolSource="c:\program files (x86)\arcgis\desktop10.4\ArcToolbox\Toolboxes\Data Management Tools.tbx\CalculateField" Date="20180205" Time="122933">CalculateField wca_admbnda_adm2_ocha adm2Pcod3 "[adm1Pcod3] &amp;"0"&amp;Right ( [admin2Pcod],Len( [admin2Pcod]) - 4)" VB #</Process><Process ToolSource="c:\program files (x86)\arcgis\desktop10.4\ArcToolbox\Toolboxes\Data Management Tools.tbx\CalculateField" Date="20180323" Time="091528">CalculateField wca_admcorrect4 admin0Name "Niger" VB #</Process><Process ToolSource="c:\program files (x86)\arcgis\desktop10.4\ArcToolbox\Toolboxes\Data Management Tools.tbx\CalculateField" Date="20180323" Time="091537">CalculateField wca_admcorrect4 admin0Pcod "NE" VB #</Process><Process ToolSource="c:\program files (x86)\arcgis\desktop10.4\ArcToolbox\Toolboxes\Data Management Tools.tbx\CalculateField" Date="20180323" Time="091558">CalculateField wca_admcorrect4 admin1Name [adm_01] VB #</Process><Process ToolSource="c:\program files (x86)\arcgis\desktop10.4\ArcToolbox\Toolboxes\Data Management Tools.tbx\CalculateField" Date="20180323" Time="091605">CalculateField wca_admcorrect4 admin2Name [adm_02] VB #</Process><Process ToolSource="c:\program files (x86)\arcgis\desktop10.4\ArcToolbox\Toolboxes\Data Management Tools.tbx\CalculateField" Date="20180323" Time="091622">CalculateField wca_admcorrect4 admi0Pcod3 "NER" VB #</Process><Process ToolSource="c:\program files (x86)\arcgis\desktop10.4\ArcToolbox\Toolboxes\Data Management Tools.tbx\CalculateField" Date="20180323" Time="091700">CalculateField wca_admcorrect4 adm1Pcod3 [rowcacode1] VB #</Process><Process ToolSource="c:\program files (x86)\arcgis\desktop10.4\ArcToolbox\Toolboxes\Data Management Tools.tbx\CalculateField" Date="20180323" Time="091713">CalculateField wca_admcorrect4 adm2Pcod3 [rowcacode2] VB #</Process><Process ToolSource="c:\program files (x86)\arcgis\desktop10.4\ArcToolbox\Toolboxes\Data Management Tools.tbx\CalculateField" Date="20180323" Time="105303">CalculateField wca_adm2 admi0Pcod3 "SLE" VB #</Process><Process ToolSource="c:\program files (x86)\arcgis\desktop10.4\ArcToolbox\Toolboxes\Data Management Tools.tbx\CalculateField" Date="20180323" Time="105434">CalculateField wca_adm2 adm1Pcod3 ""SLE"&amp;Right ( [admin1Pcod],Len( [admin1Pcod]) - 2)" VB #</Process><Process ToolSource="c:\program files (x86)\arcgis\desktop10.4\ArcToolbox\Toolboxes\Data Management Tools.tbx\CalculateField" Date="20180323" Time="105445">CalculateField wca_adm2 adm1Pcod3 ""SLE0"&amp;Right ( [admin1Pcod],Len( [admin1Pcod]) - 2)" VB #</Process><Process ToolSource="c:\program files (x86)\arcgis\desktop10.4\ArcToolbox\Toolboxes\Data Management Tools.tbx\CalculateField" Date="20180323" Time="105518">CalculateField wca_adm2 adm2Pcod3 "[adm1Pcod3]&amp; Right ( [admin2Pcod],Len( [admin2Pcod]) - 4)" VB #</Process><Process ToolSource="c:\program files (x86)\arcgis\desktop10.4\ArcToolbox\Toolboxes\Data Management Tools.tbx\CalculateField" Date="20180323" Time="105532">CalculateField wca_adm2 adm2Pcod3 "[adm1Pcod3]&amp;"0"&amp; Right ( [admin2Pcod],Len( [admin2Pcod]) - 4)" VB #</Process><Process ToolSource="c:\program files (x86)\arcgis\desktop10.4\ArcToolbox\Toolboxes\Data Management Tools.tbx\CalculateField" Date="20180416" Time="093509">CalculateField wca_adm2_bis admi0Pcod3 "CPV" VB #</Process><Process ToolSource="c:\program files (x86)\arcgis\desktop10.4\ArcToolbox\Toolboxes\Data Management Tools.tbx\CalculateField" Date="20180416" Time="093648">CalculateField wca_adm2_bis adm1Pcod3 "[admi0Pcod3]&amp;"0" &amp;Right ( [admin1Pcod],Len( [admin1Pcod]) - 2)" VB #</Process><Process ToolSource="c:\program files (x86)\arcgis\desktop10.4\ArcToolbox\Toolboxes\Data Management Tools.tbx\CalculateField" Date="20180416" Time="093832">CalculateField wca_adm2_bis adm2Pcod3 "[adm1Pcod3] &amp;"0"&amp;Right ( [admin2Pcod],Len( [admin2Pcod]) - 4)" VB #</Process><Process ToolSource="c:\program files (x86)\arcgis\desktop10.4\ArcToolbox\Toolboxes\Data Management Tools.tbx\CalculateField" Date="20180516" Time="160246">CalculateField wca_adm2_22 admin0Name "Republic of Congo" VB #</Process><Process ToolSource="c:\program files (x86)\arcgis\desktop10.4\ArcToolbox\Toolboxes\Data Management Tools.tbx\CalculateField" Date="20180516" Time="160314">CalculateField wca_adm2_22 admi0Pcod3 [admin0Pc_1] VB #</Process><Process ToolSource="c:\program files (x86)\arcgis\desktop10.4\ArcToolbox\Toolboxes\Data Management Tools.tbx\CalculateField" Date="20180516" Time="160321">CalculateField wca_adm2_22 adm1Pcod3 [admin1Pc_1] VB #</Process><Process ToolSource="c:\program files (x86)\arcgis\desktop10.4\ArcToolbox\Toolboxes\Data Management Tools.tbx\CalculateField" Date="20180516" Time="160331">CalculateField wca_adm2_22 adm2Pcod3 [admin2Pc_1] VB #</Process><Process ToolSource="c:\program files\arcgis\pro\Resources\ArcToolbox\toolboxes\Conversion Tools.tbx\FeatureClassToFeatureClass" Date="20220613" Time="112635">FeatureClassToFeatureClass sah_admin2 C:\Users\poona\OneDrive\Documents\ArcGIS\Projects\MyProject10 niger_admin2.shp # "OBJECTID "OBJECTID" true true false 10 Long 0 10,First,#,sah_admin2,OBJECTID,-1,-1;admin0Name "admin0Name" true true false 254 Text 0 0,First,#,sah_admin2,admin0Name,0,254;admin0Pcod "admin0Pcod" true true false 254 Text 0 0,First,#,sah_admin2,admin0Pcod,0,254;admin1Name "admin1Name" true true false 254 Text 0 0,First,#,sah_admin2,admin1Name,0,254;admin2Name "admin2Name" true true false 254 Text 0 0,First,#,sah_admin2,admin2Name,0,254;admin1Pcod "admin1Pcod" true true false 254 Text 0 0,First,#,sah_admin2,admin1Pcod,0,254;admin2Pcod "admin2Pcod" true true false 254 Text 0 0,First,#,sah_admin2,admin2Pcod,0,254;Shape_Leng "Shape_Leng" true true false 19 Double 0 0,First,#,sah_admin2,Shape_Leng,-1,-1;Shape_Le_1 "Shape_Le_1" true true false 19 Double 0 0,First,#,sah_admin2,Shape_Le_1,-1,-1;Shape_Area "Shape_Area" true true false 19 Double 0 0,First,#,sah_admin2,Shape_Area,-1,-1" #</Process></lineage></DataProperties><SyncDate>20220613</SyncDate><SyncTime>11263500</SyncTime><ModDate>20220613</ModDate><ModTime>11263500</ModTime></Esri><dataIdInfo><envirDesc Sync="TRUE">Microsoft Windows 10 Version 10.0 (Build 19044) ; Esri ArcGIS 12.9.0.32739</envirDesc><dataLang><languageCode value="eng" Sync="TRUE"></languageCode><countryCode value="USA" Sync="TRUE"></countryCode></dataLang><idCitation><resTitle Sync="TRUE">niger_admin2</resTitle><presForm><PresFormCd value="005" Sync="TRUE"></PresFormCd></presForm></idCitation><spatRpType><SpatRepTypCd value="001" Sync="TRUE"></SpatRepTypCd></spatRpType></dataIdInfo><mdLang><languageCode value="eng" Sync="TRUE"></languageCode><countryCode value="USA" Sync="TRUE"></countryCode></mdLang><distInfo><distFormat><formatName Sync="TRUE">Shapefile</formatName></distFormat><distTranOps><transSize Sync="TRUE">0.000</transSize></distTranOps></distInfo><mdHrLv><ScopeCd value="005" Sync="TRUE"></ScopeCd></mdHrLv><mdHrLvName Sync="TRUE">dataset</mdHrLvName><refSysInfo><RefSystem><refSysID><identCode code="4326" Sync="TRUE"></identCode><idCodeSpace Sync="TRUE">EPSG</idCodeSpace><idVersion Sync="TRUE">6.2(3.0.1)</idVersion></refSysID></RefSystem></refSysInfo><spatRepInfo><VectSpatRep><geometObjs Name="niger_admin2"><geoObjTyp><GeoObjTypCd value="002" Sync="TRUE"></GeoObjTypCd></geoObjTyp><geoObjCnt Sync="TRUE">0</geoObjCnt></geometObjs><topLvl><TopoLevCd value="001" Sync="TRUE"></TopoLevCd></topLvl></VectSpatRep></spatRepInfo><spdoinfo><ptvctinf><esriterm Name="niger_admin2"><efeatyp Sync="TRUE">Simple</efeatyp><efeageom code="4" Sync="TRUE"></efeageom><esritopo Sync="TRUE">FALSE</esritopo><efeacnt Sync="TRUE">0</efeacnt><spindex Sync="TRUE">FALSE</spindex><linrefer Sync="TRUE">FALSE</linrefer></esriterm></ptvctinf></spdoinfo><eainfo><detailed Name="niger_admin2"><enttyp><enttypl Sync="TRUE">niger_admin2</enttypl><enttypt Sync="TRUE">Feature Class</enttypt><enttypc Sync="TRUE">0</enttypc></enttyp><attr><attrlabl Sync="TRUE">FID</attrlabl><attalias Sync="TRUE">FID</attalias><attrtype Sync="TRUE">OID</attrtype><attwidth Sync="TRUE">4</attwidth><atprecis Sync="TRUE">0</atprecis><attscale Sync="TRUE">0</attscale><attrdef Sync="TRUE">Internal feature number.</attrdef><attrdefs Sync="TRUE">Esri</attrdefs><attrdomv><udom Sync="TRUE">Sequential unique whole numbers that are automatically generated.</udom></attrdomv></attr><attr><attrlabl Sync="TRUE">OBJECTID</attrlabl><attalias Sync="TRUE">OBJECTID</attalias><attrtype Sync="TRUE">Integer</attrtype><attwidth Sync="TRUE">10</attwidth><atprecis Sync="TRUE">10</atprecis><attscale Sync="TRUE">0</attscale><attrdef Sync="TRUE">Internal feature number.</attrdef><attrdefs Sync="TRUE">Esri</attrdefs><attrdomv><udom Sync="TRUE">Sequential unique whole numbers that are automatically generated.</udom></attrdomv></attr><attr><attrlabl Sync="TRUE">Shape</attrlabl><attalias Sync="TRUE">Shape</attalias><attrtype Sync="TRUE">Geometry</attrtype><attwidth Sync="TRUE">0</attwidth><atprecis Sync="TRUE">0</atprecis><attscale Sync="TRUE">0</attscale><attrdef Sync="TRUE">Feature geometry.</attrdef><attrdefs Sync="TRUE">Esri</attrdefs><attrdomv><udom Sync="TRUE">Coordinates defining the features.</udom></attrdomv></attr><attr><attrlabl Sync="TRUE">admin0Name</attrlabl><attalias Sync="TRUE">admin0Name</attalias><attrtype Sync="TRUE">String</attrtype><attwidth Sync="TRUE">254</attwidth><atprecis Sync="TRUE">0</atprecis><attscale Sync="TRUE">0</attscale></attr><attr><attrlabl Sync="TRUE">admin0Pcod</attrlabl><attalias Sync="TRUE">admin0Pcod</attalias><attrtype Sync="TRUE">String</attrtype><attwidth Sync="TRUE">254</attwidth><atprecis Sync="TRUE">0</atprecis><attscale Sync="TRUE">0</attscale></attr><attr><attrlabl Sync="TRUE">admin1Name</attrlabl><attalias Sync="TRUE">admin1Name</attalias><attrtype Sync="TRUE">String</attrtype><attwidth Sync="TRUE">254</attwidth><atprecis Sync="TRUE">0</atprecis><attscale Sync="TRUE">0</attscale></attr><attr><attrlabl Sync="TRUE">admin2Name</attrlabl><attalias Sync="TRUE">admin2Name</attalias><attrtype Sync="TRUE">String</attrtype><attwidth Sync="TRUE">254</attwidth><atprecis Sync="TRUE">0</atprecis><attscale Sync="TRUE">0</attscale></attr><attr><attrlabl Sync="TRUE">admin1Pcod</attrlabl><attalias Sync="TRUE">admin1Pcod</attalias><attrtype Sync="TRUE">String</attrtype><attwidth Sync="TRUE">254</attwidth><atprecis Sync="TRUE">0</atprecis><attscale Sync="TRUE">0</attscale></attr><attr><attrlabl Sync="TRUE">admin2Pcod</attrlabl><attalias Sync="TRUE">admin2Pcod</attalias><attrtype Sync="TRUE">String</attrtype><attwidth Sync="TRUE">254</attwidth><atprecis Sync="TRUE">0</atprecis><attscale Sync="TRUE">0</attscale></attr><attr><attrlabl Sync="TRUE">Shape_Leng</attrlabl><attalias Sync="TRUE">Shape_Leng</attalias><attrtype Sync="TRUE">Double</attrtype><attwidth Sync="TRUE">19</attwidth><atprecis Sync="TRUE">0</atprecis><attscale Sync="TRUE">0</attscale></attr><attr><attrlabl Sync="TRUE">Shape_Le_1</attrlabl><attalias Sync="TRUE">Shape_Le_1</attalias><attrtype Sync="TRUE">Double</attrtype><attwidth Sync="TRUE">19</attwidth><atprecis Sync="TRUE">0</atprecis><attscale Sync="TRUE">0</attscale></attr><attr><attrlabl Sync="TRUE">Shape_Area</attrlabl><attalias Sync="TRUE">Shape_Area</attalias><attrtype Sync="TRUE">Double</attrtype><attwidth Sync="TRUE">19</attwidth><atprecis Sync="TRUE">0</atprecis><attscale Sync="TRUE">0</attscale><attrdef Sync="TRUE">Area of feature in internal units squared.</attrdef><attrdefs Sync="TRUE">Esri</attrdefs><attrdomv><udom Sync="TRUE">Positive real numbers that are automatically generated.</udom></attrdomv></attr></detailed></eainfo><mdDateSt Sync="TRUE">20220613</mdDateSt><mdChar><CharSetCd value="004" Sync="TRUE"></CharSetCd></mdChar></metadata>
