{
    "Current": {
        "url": "https://tigerweb.geo.census.gov/arcgis/services/TIGERweb/tigerWMS_Current/MapServer/WMSServer",
        "layers": [
            "Alaska_Native_Regional_Corporations10465",
            "Alaska_Native_Regional_Corporations_Labels60868",
            "Alaska_Native_Village_Statistical_Areas34178",
            "Alaska_Native_Village_Statistical_Areas_Labels14319",
            "American_Indian_Joint-Use_Areas11842",
            "American_Indian_Joint-Use_Areas_Labels32943",
            "Census_Block_Groups59805",
            "Census_Block_Groups_Labels32376",
            "Census_Designated_Places65166",
            "Census_Designated_Places_Labels61459",
            "Census_Divisions8578",
            "Census_Divisions_Labels29679",
            "Census_Regions16659",
            "Census_Regions_Labels31526",
            "Census_Tracts7651",
            "Census_Tracts_Labels33558",
            "Combined_New_England_City_and_Town_Areas35117",
            "Combined_New_England_City_and_Town_Areas_Labels20328",
            "Combined_Statistical_Areas61231",
            "Combined_Statistical_Areas_Labels52090",
            "Consolidated_Cities65047",
            "Consolidated_Cities_Labels30018",
            "Counties",
            "Counties_Labels19364",
            "County_Subdivisions63689",
            "County_Subdivisions_Labels25452",
            "Elementary_School_Districts36200",
            "Elementary_School_Districts_Labels21637",
            "Estates",
            "Estates_Labels15809",
            "Federal_American_Indian_Reservations63680",
            "Federal_American_Indian_Reservations_Labels65437",
            "Hawaiian_Home_Lands45702",
            "Hawaiian_Home_Lands_Labels15115",
            "Incorporated_Places1469",
            "Incorporated_Places_Labels58904",
            "Metropolitan_Divisions40847",
            "Metropolitan_Divisions_Labels25946",
            "Metropolitan_New_England_City_and_Town_Areas62616",
            "Metropolitan_New_England_City_and_Town_Areas_Labels59733",
            "Metropolitan_Statistical_Areas62762",
            "Metropolitan_Statistical_Areas_Labels6295",
            "Micropolitan_New_England_City_and_Town_Areas31587",
            "Micropolitan_New_England_City_and_Town_Areas_Labels33942",
            "Micropolitan_Statistical_Areas31521",
            "Micropolitan_Statistical_Areas_Labels772",
            "New_England_City_and_Town_Area_Divisions60153",
            "New_England_City_and_Town_Area__Divisions_Labels46148",
            "Off-Reservation_Trust_Lands54343",
            "Off-Reservation_Trust_Lands_Labels18066",
            "Oklahoma_Tribal_Statistical_Areas50120",
            "Oklahoma_Tribal_Statistical_Areas_Labels48357",
            "Secondary_School_Districts43718",
            "Secondary_School_Districts_Labels36427",
            "State_American_Indian_Reservations3874",
            "State_American_Indian_Reservations_Labels35471",
            "State_Designated_Tribal_Statistical_Areas1347",
            "State_Designated_Tribal_Statistical_Areas_Labels45558",
            "States",
            "States_Labels49388",
            "Subbarrios",
            "Subbarrios_Labels47498",
            "Tribal_Block_Groups26640",
            "Tribal_Block_Groups_Labels32973",
            "Tribal_Census_Tracts2987",
            "Tribal_Census_Tracts_Labels1374",
            "Tribal_Designated_Statistical_Areas45836",
            "Tribal_Designated_Statistical_Areas_Labels6465",
            "Tribal_Subdivisions42483",
            "Tribal_Subdivisions_Labels35078",
            "Unified_School_Districts15496",
            "Unified_School_Districts_Labels28837",
            "_010_Census_Public_Use_Microdata_Areas19703",
            "_010_Census_Public_Use_Microdata_Areas_Labels13730",
            "_018_State_Legislative_Districts_-_Lower20349",
            "_018_State_Legislative_Districts_-_Lower_Labels7384",
            "_018_State_Legislative_Districts_-_Upper25708",
            "_018_State_Legislative_Districts_-_Upper_Labels34849",
            "_020_Census_Blocks44514",
            "_020_Census_Blocks_Labels28239",
            "_020_Census_ZIP_Code_Tabulation_Areas7729",
            "_020_Census_ZIP_Code_Tabulation_Areas_Labels36212",
            "_16th_Congressional_Districts4189",
            "_16th_Congressional_Districts_Labels3128"
        ]
    },
    "ACS 2021": {
        "url": "https://tigerweb.geo.census.gov/arcgis/services/TIGERweb/tigerWMS_ACS2021/MapServer/WMSServer",
        "layers": [
            "Alaska_Native_Regional_Corporations10465",
            "Alaska_Native_Regional_Corporations_Labels60868",
            "Alaska_Native_Village_Statistical_Areas34178",
            "Alaska_Native_Village_Statistical_Areas_Labels14319",
            "American_Indian_Joint-Use_Areas11842",
            "American_Indian_Joint-Use_Areas_Labels32943",
            "Census_Block_Groups59805",
            "Census_Block_Groups_Labels32376",
            "Census_Designated_Places65166",
            "Census_Designated_Places_Labels61459",
            "Census_Divisions8578",
            "Census_Divisions_Labels29679",
            "Census_Regions16659",
            "Census_Regions_Labels31526",
            "Census_Tracts7651",
            "Census_Tracts_Labels33558",
            "Combined_New_England_City_and_Town_Areas35117",
            "Combined_New_England_City_and_Town_Areas_Labels20328",
            "Combined_Statistical_Areas61231",
            "Combined_Statistical_Areas_Labels52090",
            "Consolidated_Cities65047",
            "Consolidated_Cities_Labels30018",
            "Counties",
            "Counties_Labels19364",
            "County_Subdivisions63689",
            "County_Subdivisions_Labels25452",
            "Elementary_School_Districts36200",
            "Elementary_School_Districts_Labels21637",
            "Estates",
            "Estates_Labels15809",
            "Federal_American_Indian_Reservations63680",
            "Federal_American_Indian_Reservations_Labels65437",
            "Hawaiian_Home_Lands45702",
            "Hawaiian_Home_Lands_Labels15115",
            "Incorporated_Places1469",
            "Incorporated_Places_Labels58904",
            "Metropolitan_Divisions40847",
            "Metropolitan_Divisions_Labels25946",
            "Metropolitan_New_England_City_and_Town_Areas62616",
            "Metropolitan_New_England_City_and_Town_Areas_Labels59733",
            "Metropolitan_Statistical_Areas62762",
            "Metropolitan_Statistical_Areas_Labels6295",
            "Micropolitan_New_England_City_and_Town_Areas31587",
            "Micropolitan_New_England_City_and_Town_Areas_Labels33942",
            "Micropolitan_Statistical_Areas31521",
            "Micropolitan_Statistical_Areas_Labels772",
            "New_England_City_and_Town_Area_Divisions60153",
            "New_England_City_and_Town_Area__Divisions_Labels46148",
            "Off-Reservation_Trust_Lands54343",
            "Off-Reservation_Trust_Lands_Labels18066",
            "Oklahoma_Tribal_Statistical_Areas50120",
            "Oklahoma_Tribal_Statistical_Areas_Labels48357",
            "Secondary_School_Districts43718",
            "Secondary_School_Districts_Labels36427",
            "State_American_Indian_Reservations3874",
            "State_American_Indian_Reservations_Labels35471",
            "State_Designated_Tribal_Statistical_Areas1347",
            "State_Designated_Tribal_Statistical_Areas_Labels45558",
            "States",
            "States_Labels49388",
            "Subbarrios",
            "Subbarrios_Labels47498",
            "Tribal_Block_Groups26640",
            "Tribal_Block_Groups_Labels32973",
            "Tribal_Census_Tracts2987",
            "Tribal_Census_Tracts_Labels1374",
            "Tribal_Designated_Statistical_Areas45836",
            "Tribal_Designated_Statistical_Areas_Labels6465",
            "Tribal_Subdivisions42483",
            "Tribal_Subdivisions_Labels35078",
            "Unified_School_Districts15496",
            "Unified_School_Districts_Labels28837",
            "_018_State_Legislative_Districts_-_Lower20349",
            "_018_State_Legislative_Districts_-_Lower_Labels7384",
            "_018_State_Legislative_Districts_-_Upper25708",
            "_018_State_Legislative_Districts_-_Upper_Labels34849",
            "_020_Census_ZIP_Code_Tabulation_Areas7729",
            "_020_Census_ZIP_Code_Tabulation_Areas_Labels36212",
            "_16th_Congressional_Districts4189",
            "_16th_Congressional_Districts_Labels3128"
        ]
    },
    "ACS 2019": {
        "url": "https://tigerweb.geo.census.gov/arcgis/services/TIGERweb/tigerWMS_ACS2019/MapServer/WMSServer",
        "layers": [
            "Alaska_Native_Regional_Corporations10465",
            "Alaska_Native_Regional_Corporations_Labels60868",
            "Alaska_Native_Village_Statistical_Areas34178",
            "Alaska_Native_Village_Statistical_Areas_Labels14319",
            "American_Indian_Joint-Use_Areas11842",
            "American_Indian_Joint-Use_Areas_Labels32943",
            "Census_Block_Groups59805",
            "Census_Block_Groups_Labels32376",
            "Census_Designated_Places65166",
            "Census_Designated_Places_Labels61459",
            "Census_Divisions8578",
            "Census_Divisions_Labels29679",
            "Census_Regions16659",
            "Census_Regions_Labels31526",
            "Census_Tracts7651",
            "Census_Tracts_Labels33558",
            "Combined_New_England_City_and_Town_Areas35117",
            "Combined_New_England_City_and_Town_Areas_Labels20328",
            "Combined_Statistical_Areas61231",
            "Combined_Statistical_Areas_Labels52090",
            "Consolidated_Cities65047",
            "Consolidated_Cities_Labels30018",
            "Counties",
            "Counties_Labels19364",
            "County_Subdivisions63689",
            "County_Subdivisions_Labels25452",
            "Elementary_School_Districts36200",
            "Elementary_School_Districts_Labels21637",
            "Estates",
            "Estates_Labels15809",
            "Federal_American_Indian_Reservations63680",
            "Federal_American_Indian_Reservations_Labels65437",
            "Hawaiian_Home_Lands45702",
            "Hawaiian_Home_Lands_Labels15115",
            "Incorporated_Places1469",
            "Incorporated_Places_Labels58904",
            "Metropolitan_Divisions40847",
            "Metropolitan_Divisions_Labels25946",
            "Metropolitan_New_England_City_and_Town_Areas62616",
            "Metropolitan_New_England_City_and_Town_Areas_Labels59733",
            "Metropolitan_Statistical_Areas62762",
            "Metropolitan_Statistical_Areas_Labels6295",
            "Micropolitan_New_England_City_and_Town_Areas31587",
            "Micropolitan_New_England_City_and_Town_Areas_Labels33942",
            "Micropolitan_Statistical_Areas31521",
            "Micropolitan_Statistical_Areas_Labels772",
            "New_England_City_and_Town_Area_Divisions60153",
            "New_England_City_and_Town_Area__Divisions_Labels46148",
            "Off-Reservation_Trust_Lands54343",
            "Off-Reservation_Trust_Lands_Labels18066",
            "Oklahoma_Tribal_Statistical_Areas50120",
            "Oklahoma_Tribal_Statistical_Areas_Labels48357",
            "Secondary_School_Districts43718",
            "Secondary_School_Districts_Labels36427",
            "State_American_Indian_Reservations3874",
            "State_American_Indian_Reservations_Labels35471",
            "State_Designated_Tribal_Statistical_Areas1347",
            "State_Designated_Tribal_Statistical_Areas_Labels45558",
            "States",
            "States_Labels49388",
            "Subbarrios",
            "Subbarrios_Labels47498",
            "Tribal_Block_Groups26640",
            "Tribal_Block_Groups_Labels32973",
            "Tribal_Census_Tracts2987",
            "Tribal_Census_Tracts_Labels1374",
            "Tribal_Designated_Statistical_Areas45836",
            "Tribal_Designated_Statistical_Areas_Labels6465",
            "Tribal_Subdivisions42483",
            "Tribal_Subdivisions_Labels35078",
            "Unified_School_Districts15496",
            "Unified_School_Districts_Labels28837",
            "_010_Census_Public_Use_Microdata_Areas19703",
            "_010_Census_Public_Use_Microdata_Areas_Labels13730",
            "_010_Census_Urban_Clusters16904",
            "_010_Census_Urban_Clusters_Labels55845",
            "_010_Census_Urbanized_Areas33599",
            "_010_Census_Urbanized_Areas_Labels40234",
            "_010_Census_ZIP_Code_Tabulation_Areas53898",
            "_010_Census_ZIP_Code_Tabulation_Areas_Labels61175",
            "_018_State_Legislative_Districts_-_Lower20349",
            "_018_State_Legislative_Districts_-_Lower_Labels7384",
            "_018_State_Legislative_Districts_-_Upper25708",
            "_018_State_Legislative_Districts_-_Upper_Labels34849",
            "_16th_Congressional_Districts4189",
            "_16th_Congressional_Districts_Labels3128"
        ]
    },
    "ACS 2018": {
        "url": "https://tigerweb.geo.census.gov/arcgis/services/TIGERweb/tigerWMS_ACS2018/MapServer/WMSServer",
        "layers": [
            "Alaska_Native_Regional_Corporations10465",
            "Alaska_Native_Regional_Corporations_Labels60868",
            "Alaska_Native_Village_Statistical_Areas34178",
            "Alaska_Native_Village_Statistical_Areas_Labels14319",
            "American_Indian_Joint-Use_Areas11842",
            "American_Indian_Joint-Use_Areas_Labels32943",
            "Census_Block_Groups59805",
            "Census_Block_Groups_Labels32376",
            "Census_Designated_Places65166",
            "Census_Designated_Places_Labels61459",
            "Census_Divisions8578",
            "Census_Divisions_Labels29679",
            "Census_Regions16659",
            "Census_Regions_Labels31526",
            "Census_Tracts7651",
            "Census_Tracts_Labels33558",
            "Combined_New_England_City_and_Town_Areas35117",
            "Combined_New_England_City_and_Town_Areas_Labels20328",
            "Combined_Statistical_Areas61231",
            "Combined_Statistical_Areas_Labels52090",
            "Consolidated_Cities65047",
            "Consolidated_Cities_Labels30018",
            "Counties",
            "Counties_Labels19364",
            "County_Subdivisions63689",
            "County_Subdivisions_Labels25452",
            "Elementary_School_Districts36200",
            "Elementary_School_Districts_Labels21637",
            "Estates",
            "Estates_Labels15809",
            "Federal_American_Indian_Reservations63680",
            "Federal_American_Indian_Reservations_Labels65437",
            "Hawaiian_Home_Lands45702",
            "Hawaiian_Home_Lands_Labels15115",
            "Incorporated_Places1469",
            "Incorporated_Places_Labels58904",
            "Metropolitan_Divisions40847",
            "Metropolitan_Divisions_Labels25946",
            "Metropolitan_New_England_City_and_Town_Areas62616",
            "Metropolitan_New_England_City_and_Town_Areas_Labels59733",
            "Metropolitan_Statistical_Areas62762",
            "Metropolitan_Statistical_Areas_Labels6295",
            "Micropolitan_New_England_City_and_Town_Areas31587",
            "Micropolitan_New_England_City_and_Town_Areas_Labels33942",
            "Micropolitan_Statistical_Areas31521",
            "Micropolitan_Statistical_Areas_Labels772",
            "New_England_City_and_Town_Area_Divisions60153",
            "New_England_City_and_Town_Area__Divisions_Labels46148",
            "Off-Reservation_Trust_Lands54343",
            "Off-Reservation_Trust_Lands_Labels18066",
            "Oklahoma_Tribal_Statistical_Areas50120",
            "Oklahoma_Tribal_Statistical_Areas_Labels48357",
            "Secondary_School_Districts43718",
            "Secondary_School_Districts_Labels36427",
            "State_American_Indian_Reservations3874",
            "State_American_Indian_Reservations_Labels35471",
            "State_Designated_Tribal_Statistical_Areas1347",
            "State_Designated_Tribal_Statistical_Areas_Labels45558",
            "States",
            "States_Labels49388",
            "Subbarrios",
            "Subbarrios_Labels47498",
            "Tribal_Block_Groups26640",
            "Tribal_Block_Groups_Labels32973",
            "Tribal_Census_Tracts2987",
            "Tribal_Census_Tracts_Labels1374",
            "Tribal_Designated_Statistical_Areas45836",
            "Tribal_Designated_Statistical_Areas_Labels6465",
            "Tribal_Subdivisions42483",
            "Tribal_Subdivisions_Labels35078",
            "Unified_School_Districts15496",
            "Unified_School_Districts_Labels28837",
            "_010_Census_Public_Use_Microdata_Areas19703",
            "_010_Census_Public_Use_Microdata_Areas_Labels13730",
            "_010_Census_Urban_Clusters16904",
            "_010_Census_Urban_Clusters_Labels55845",
            "_010_Census_Urbanized_Areas33599",
            "_010_Census_Urbanized_Areas_Labels40234",
            "_010_Census_ZIP_Code_Tabulation_Areas53898",
            "_010_Census_ZIP_Code_Tabulation_Areas_Labels61175",
            "_018_State_Legislative_Districts_-_Lower20349",
            "_018_State_Legislative_Districts_-_Lower_Labels7384",
            "_018_State_Legislative_Districts_-_Upper25708",
            "_018_State_Legislative_Districts_-_Upper_Labels34849",
            "_16th_Congressional_Districts4189",
            "_16th_Congressional_Districts_Labels3128"
        ]
    },
    "ACS 2017": {
        "url": "https://tigerweb.geo.census.gov/arcgis/services/TIGERweb/tigerWMS_ACS2017/MapServer/WMSServer",
        "layers": [
            "Alaska_Native_Regional_Corporations10465",
            "Alaska_Native_Regional_Corporations_Labels60868",
            "Alaska_Native_Village_Statistical_Areas34178",
            "Alaska_Native_Village_Statistical_Areas_Labels14319",
            "American_Indian_Joint-Use_Areas11842",
            "American_Indian_Joint-Use_Areas_Labels32943",
            "Census_Block_Groups59805",
            "Census_Block_Groups_Labels32376",
            "Census_Designated_Places65166",
            "Census_Designated_Places_Labels61459",
            "Census_Divisions8578",
            "Census_Divisions_Labels29679",
            "Census_Regions16659",
            "Census_Regions_Labels31526",
            "Census_Tracts7651",
            "Census_Tracts_Labels33558",
            "Combined_New_England_City_and_Town_Areas35117",
            "Combined_New_England_City_and_Town_Areas_Labels20328",
            "Combined_Statistical_Areas61231",
            "Combined_Statistical_Areas_Labels52090",
            "Consolidated_Cities65047",
            "Consolidated_Cities_Labels30018",
            "Counties",
            "Counties_Labels19364",
            "County_Subdivisions63689",
            "County_Subdivisions_Labels25452",
            "Elementary_School_Districts36200",
            "Elementary_School_Districts_Labels21637",
            "Estates",
            "Estates_Labels15809",
            "Federal_American_Indian_Reservations63680",
            "Federal_American_Indian_Reservations_Labels65437",
            "Hawaiian_Home_Lands45702",
            "Hawaiian_Home_Lands_Labels15115",
            "Incorporated_Places1469",
            "Incorporated_Places_Labels58904",
            "Metropolitan_Divisions40847",
            "Metropolitan_Divisions_Labels25946",
            "Metropolitan_New_England_City_and_Town_Areas62616",
            "Metropolitan_New_England_City_and_Town_Areas_Labels59733",
            "Metropolitan_Statistical_Areas62762",
            "Metropolitan_Statistical_Areas_Labels6295",
            "Micropolitan_New_England_City_and_Town_Areas31587",
            "Micropolitan_New_England_City_and_Town_Areas_Labels33942",
            "Micropolitan_Statistical_Areas31521",
            "Micropolitan_Statistical_Areas_Labels772",
            "New_England_City_and_Town_Area_Divisions60153",
            "New_England_City_and_Town_Area__Divisions_Labels46148",
            "Off-Reservation_Trust_Lands54343",
            "Off-Reservation_Trust_Lands_Labels18066",
            "Oklahoma_Tribal_Statistical_Areas50120",
            "Oklahoma_Tribal_Statistical_Areas_Labels48357",
            "Secondary_School_Districts43718",
            "Secondary_School_Districts_Labels36427",
            "State_American_Indian_Reservations3874",
            "State_American_Indian_Reservations_Labels35471",
            "State_Designated_Tribal_Statistical_Areas1347",
            "State_Designated_Tribal_Statistical_Areas_Labels45558",
            "States",
            "States_Labels49388",
            "Subbarrios",
            "Subbarrios_Labels47498",
            "Tribal_Block_Groups26640",
            "Tribal_Block_Groups_Labels32973",
            "Tribal_Census_Tracts2987",
            "Tribal_Census_Tracts_Labels1374",
            "Tribal_Designated_Statistical_Areas45836",
            "Tribal_Designated_Statistical_Areas_Labels6465",
            "Tribal_Subdivisions42483",
            "Tribal_Subdivisions_Labels35078",
            "Unified_School_Districts15496",
            "Unified_School_Districts_Labels28837",
            "_010_Census_Public_Use_Microdata_Areas19703",
            "_010_Census_Public_Use_Microdata_Areas_Labels13730",
            "_010_Census_Urban_Clusters16904",
            "_010_Census_Urban_Clusters_Labels55845",
            "_010_Census_Urbanized_Areas33599",
            "_010_Census_Urbanized_Areas_Labels40234",
            "_010_Census_ZIP_Code_Tabulation_Areas53898",
            "_010_Census_ZIP_Code_Tabulation_Areas_Labels61175",
            "_016_State_Legislative_Districts_-_Lower4851",
            "_016_State_Legislative_Districts_-_Lower_Labels28166",
            "_016_State_Legislative_Districts_-_Upper8194",
            "_016_State_Legislative_Districts_-_Upper_Labels28271",
            "_15th_Congressional_Districts30454",
            "_15th_Congressional_Districts_Labels42203"
        ]
    },
    "ACS 2016": {
        "url": "https://tigerweb.geo.census.gov/arcgis/services/TIGERweb/tigerWMS_ACS2016/MapServer/WMSServer",
        "layers": [
            "Alaska_Native_Regional_Corporations10465",
            "Alaska_Native_Regional_Corporations_Labels60868",
            "Alaska_Native_Village_Statistical_Areas34178",
            "Alaska_Native_Village_Statistical_Areas_Labels14319",
            "American_Indian_Joint-Use_Areas11842",
            "American_Indian_Joint-Use_Areas_Labels32943",
            "Census_Block_Groups59805",
            "Census_Block_Groups_Labels32376",
            "Census_Designated_Places65166",
            "Census_Designated_Places_Labels61459",
            "Census_Divisions8578",
            "Census_Divisions_Labels29679",
            "Census_Regions16659",
            "Census_Regions_Labels31526",
            "Census_Tracts7651",
            "Census_Tracts_Labels33558",
            "Combined_New_England_City_and_Town_Areas35117",
            "Combined_New_England_City_and_Town_Areas_Labels20328",
            "Combined_Statistical_Areas61231",
            "Combined_Statistical_Areas_Labels52090",
            "Consolidated_Cities65047",
            "Consolidated_Cities_Labels30018",
            "Counties",
            "Counties_Labels19364",
            "County_Subdivisions63689",
            "County_Subdivisions_Labels25452",
            "Elementary_School_Districts36200",
            "Elementary_School_Districts_Labels21637",
            "Estates",
            "Estates_Labels15809",
            "Federal_American_Indian_Reservations63680",
            "Federal_American_Indian_Reservations_Labels65437",
            "Hawaiian_Home_Lands45702",
            "Hawaiian_Home_Lands_Labels15115",
            "Incorporated_Places1469",
            "Incorporated_Places_Labels58904",
            "Metropolitan_Divisions40847",
            "Metropolitan_Divisions_Labels25946",
            "Metropolitan_New_England_City_and_Town_Areas62616",
            "Metropolitan_New_England_City_and_Town_Areas_Labels59733",
            "Metropolitan_Statistical_Areas62762",
            "Metropolitan_Statistical_Areas_Labels6295",
            "Micropolitan_New_England_City_and_Town_Areas31587",
            "Micropolitan_New_England_City_and_Town_Areas_Labels33942",
            "Micropolitan_Statistical_Areas31521",
            "Micropolitan_Statistical_Areas_Labels772",
            "New_England_City_and_Town_Area_Divisions60153",
            "New_England_City_and_Town_Area__Divisions_Labels46148",
            "Off-Reservation_Trust_Lands54343",
            "Off-Reservation_Trust_Lands_Labels18066",
            "Oklahoma_Tribal_Statistical_Areas50120",
            "Oklahoma_Tribal_Statistical_Areas_Labels48357",
            "Secondary_School_Districts43718",
            "Secondary_School_Districts_Labels36427",
            "State_American_Indian_Reservations3874",
            "State_American_Indian_Reservations_Labels35471",
            "State_Designated_Tribal_Statistical_Areas1347",
            "State_Designated_Tribal_Statistical_Areas_Labels45558",
            "States",
            "States_Labels49388",
            "Subbarrios",
            "Subbarrios_Labels47498",
            "Tribal_Block_Groups26640",
            "Tribal_Block_Groups_Labels32973",
            "Tribal_Census_Tracts2987",
            "Tribal_Census_Tracts_Labels1374",
            "Tribal_Designated_Statistical_Areas45836",
            "Tribal_Designated_Statistical_Areas_Labels6465",
            "Tribal_Subdivisions42483",
            "Tribal_Subdivisions_Labels35078",
            "Unified_School_Districts15496",
            "Unified_School_Districts_Labels28837",
            "_010_Census_Public_Use_Microdata_Areas19703",
            "_010_Census_Public_Use_Microdata_Areas_Labels13730",
            "_010_Census_Urban_Clusters16904",
            "_010_Census_Urban_Clusters_Labels55845",
            "_010_Census_Urbanized_Areas33599",
            "_010_Census_Urbanized_Areas_Labels40234",
            "_010_Census_ZIP_Code_Tabulation_Areas53898",
            "_010_Census_ZIP_Code_Tabulation_Areas_Labels61175",
            "_016_State_Legislative_Districts_-_Lower4851",
            "_016_State_Legislative_Districts_-_Lower_Labels28166",
            "_016_State_Legislative_Districts_-_Upper8194",
            "_016_State_Legislative_Districts_-_Upper_Labels28271",
            "_15th_Congressional_Districts30454",
            "_15th_Congressional_Districts_Labels42203"
        ]
    },
    "ACS 2015": {
        "url": "https://tigerweb.geo.census.gov/arcgis/services/TIGERweb/tigerWMS_ACS2015/MapServer/WMSServer",
        "layers": [
            "Alaska_Native_Regional_Corporations10465",
            "Alaska_Native_Regional_Corporations_Labels60868",
            "Alaska_Native_Village_Statistical_Areas34178",
            "Alaska_Native_Village_Statistical_Areas_Labels14319",
            "American_Indian_Joint-Use_Areas11842",
            "American_Indian_Joint-Use_Areas_Labels32943",
            "Census_Block_Groups59805",
            "Census_Block_Groups_Labels32376",
            "Census_Designated_Places65166",
            "Census_Designated_Places_Labels61459",
            "Census_Divisions8578",
            "Census_Divisions_Labels29679",
            "Census_Regions16659",
            "Census_Regions_Labels31526",
            "Census_Tracts7651",
            "Census_Tracts_Labels33558",
            "Combined_New_England_City_and_Town_Areas35117",
            "Combined_New_England_City_and_Town_Areas_Labels20328",
            "Combined_Statistical_Areas61231",
            "Combined_Statistical_Areas_Labels52090",
            "Consolidated_Cities65047",
            "Consolidated_Cities_Labels30018",
            "Counties",
            "Counties_Labels19364",
            "County_Subdivisions63689",
            "County_Subdivisions_Labels25452",
            "Elementary_School_Districts36200",
            "Elementary_School_Districts_Labels21637",
            "Estates",
            "Estates_Labels15809",
            "Federal_American_Indian_Reservations63680",
            "Federal_American_Indian_Reservations_Labels65437",
            "Hawaiian_Home_Lands45702",
            "Hawaiian_Home_Lands_Labels15115",
            "Incorporated_Places1469",
            "Incorporated_Places_Labels58904",
            "Metropolitan_Divisions40847",
            "Metropolitan_Divisions_Labels25946",
            "Metropolitan_New_England_City_and_Town_Areas62616",
            "Metropolitan_New_England_City_and_Town_Areas_Labels59733",
            "Metropolitan_Statistical_Areas62762",
            "Metropolitan_Statistical_Areas_Labels6295",
            "Micropolitan_New_England_City_and_Town_Areas31587",
            "Micropolitan_New_England_City_and_Town_Areas_Labels33942",
            "Micropolitan_Statistical_Areas31521",
            "Micropolitan_Statistical_Areas_Labels772",
            "New_England_City_and_Town_Area_Divisions60153",
            "New_England_City_and_Town_Area__Divisions_Labels46148",
            "Off-Reservation_Trust_Lands54343",
            "Off-Reservation_Trust_Lands_Labels18066",
            "Oklahoma_Tribal_Statistical_Areas50120",
            "Oklahoma_Tribal_Statistical_Areas_Labels48357",
            "Secondary_School_Districts43718",
            "Secondary_School_Districts_Labels36427",
            "State_American_Indian_Reservations3874",
            "State_American_Indian_Reservations_Labels35471",
            "State_Designated_Tribal_Statistical_Areas1347",
            "State_Designated_Tribal_Statistical_Areas_Labels45558",
            "States",
            "States_Labels49388",
            "Subbarrios",
            "Subbarrios_Labels47498",
            "Tribal_Block_Groups26640",
            "Tribal_Block_Groups_Labels32973",
            "Tribal_Census_Tracts2987",
            "Tribal_Census_Tracts_Labels1374",
            "Tribal_Designated_Statistical_Areas45836",
            "Tribal_Designated_Statistical_Areas_Labels6465",
            "Tribal_Subdivisions42483",
            "Tribal_Subdivisions_Labels35078",
            "Unified_School_Districts15496",
            "Unified_School_Districts_Labels28837",
            "_010_Census_Public_Use_Microdata_Areas19703",
            "_010_Census_Public_Use_Microdata_Areas_Labels13730",
            "_010_Census_Urban_Clusters16904",
            "_010_Census_Urban_Clusters_Labels55845",
            "_010_Census_Urbanized_Areas33599",
            "_010_Census_Urbanized_Areas_Labels40234",
            "_010_Census_ZIP_Code_Tabulation_Areas53898",
            "_010_Census_ZIP_Code_Tabulation_Areas_Labels61175",
            "_014_State_Legislative_Districts_-_Lower19105",
            "_014_State_Legislative_Districts_-_Lower_Labels42628",
            "_014_State_Legislative_Districts_-_Upper5104",
            "_014_State_Legislative_Districts_-_Upper_Labels7597",
            "_14th_Congressional_Districts14351",
            "_14th_Congressional_Districts_Labels59866"
        ]
    },
    "ACS 2014": {
        "url": "https://tigerweb.geo.census.gov/arcgis/services/TIGERweb/tigerWMS_ACS2014/MapServer/WMSServer",
        "layers": [
            "Alaska_Native_Regional_Corporations10465",
            "Alaska_Native_Regional_Corporations_Labels60868",
            "Alaska_Native_Village_Statistical_Areas34178",
            "Alaska_Native_Village_Statistical_Areas_Labels14319",
            "American_Indian_Joint-Use_Areas11842",
            "American_Indian_Joint-Use_Areas_Labels32943",
            "Census_Block_Groups59805",
            "Census_Block_Groups_Labels32376",
            "Census_Designated_Places65166",
            "Census_Designated_Places_Labels61459",
            "Census_Divisions8578",
            "Census_Divisions_Labels29679",
            "Census_Regions16659",
            "Census_Regions_Labels31526",
            "Census_Tracts7651",
            "Census_Tracts_Labels33558",
            "Combined_New_England_City_and_Town_Areas35117",
            "Combined_New_England_City_and_Town_Areas_Labels20328",
            "Combined_Statistical_Areas61231",
            "Combined_Statistical_Areas_Labels52090",
            "Consolidated_Cities65047",
            "Consolidated_Cities_Labels30018",
            "Counties",
            "Counties_Labels19364",
            "County_Subdivisions63689",
            "County_Subdivisions_Labels25452",
            "Elementary_School_Districts36200",
            "Elementary_School_Districts_Labels21637",
            "Estates",
            "Estates_Labels15809",
            "Federal_American_Indian_Reservations63680",
            "Federal_American_Indian_Reservations_Labels65437",
            "Hawaiian_Home_Lands45702",
            "Hawaiian_Home_Lands_Labels15115",
            "Incorporated_Places1469",
            "Incorporated_Places_Labels58904",
            "Metropolitan_Divisions40847",
            "Metropolitan_Divisions_Labels25946",
            "Metropolitan_New_England_City_and_Town_Areas62616",
            "Metropolitan_New_England_City_and_Town_Areas_Labels59733",
            "Metropolitan_Statistical_Areas62762",
            "Metropolitan_Statistical_Areas_Labels6295",
            "Micropolitan_New_England_City_and_Town_Areas31587",
            "Micropolitan_New_England_City_and_Town_Areas_Labels33942",
            "Micropolitan_Statistical_Areas31521",
            "Micropolitan_Statistical_Areas_Labels772",
            "New_England_City_and_Town_Area_Divisions60153",
            "New_England_City_and_Town_Area__Divisions_Labels46148",
            "Off-Reservation_Trust_Lands54343",
            "Off-Reservation_Trust_Lands_Labels18066",
            "Oklahoma_Tribal_Statistical_Areas50120",
            "Oklahoma_Tribal_Statistical_Areas_Labels48357",
            "Secondary_School_Districts43718",
            "Secondary_School_Districts_Labels36427",
            "State_American_Indian_Reservations3874",
            "State_American_Indian_Reservations_Labels35471",
            "State_Designated_Tribal_Statistical_Areas1347",
            "State_Designated_Tribal_Statistical_Areas_Labels45558",
            "States",
            "States_Labels49388",
            "Subbarrios",
            "Subbarrios_Labels47498",
            "Tribal_Block_Groups26640",
            "Tribal_Block_Groups_Labels32973",
            "Tribal_Census_Tracts2987",
            "Tribal_Census_Tracts_Labels1374",
            "Tribal_Designated_Statistical_Areas45836",
            "Tribal_Designated_Statistical_Areas_Labels6465",
            "Tribal_Subdivisions42483",
            "Tribal_Subdivisions_Labels35078",
            "Unified_School_Districts15496",
            "Unified_School_Districts_Labels28837",
            "_010_Census_Public_Use_Microdata_Areas19703",
            "_010_Census_Public_Use_Microdata_Areas_Labels13730",
            "_010_Census_Urban_Clusters16904",
            "_010_Census_Urban_Clusters_Labels55845",
            "_010_Census_Urbanized_Areas33599",
            "_010_Census_Urbanized_Areas_Labels40234",
            "_010_Census_ZIP_Code_Tabulation_Areas53898",
            "_010_Census_ZIP_Code_Tabulation_Areas_Labels61175",
            "_014_State_Legislative_Districts_-_Lower19105",
            "_014_State_Legislative_Districts_-_Lower_Labels42628",
            "_014_State_Legislative_Districts_-_Upper5104",
            "_014_State_Legislative_Districts_-_Upper_Labels7597",
            "_14th_Congressional_Districts14351",
            "_14th_Congressional_Districts_Labels59866"
        ]
    },
    "ACS 2013": {
        "url": "https://tigerweb.geo.census.gov/arcgis/services/TIGERweb/tigerWMS_ACS2013/MapServer/WMSServer",
        "layers": [
            "Alaska_Native_Regional_Corporations10465",
            "Alaska_Native_Regional_Corporations_Labels60868",
            "Alaska_Native_Village_Statistical_Areas34178",
            "Alaska_Native_Village_Statistical_Areas_Labels14319",
            "American_Indian_Joint-Use_Areas11842",
            "American_Indian_Joint-Use_Areas_Labels32943",
            "Census_Block_Groups59805",
            "Census_Block_Groups_Labels32376",
            "Census_Designated_Places65166",
            "Census_Designated_Places_Labels61459",
            "Census_Divisions8578",
            "Census_Divisions_Labels29679",
            "Census_Regions16659",
            "Census_Regions_Labels31526",
            "Census_Tracts7651",
            "Census_Tracts_Labels33558",
            "Combined_New_England_City_and_Town_Areas35117",
            "Combined_New_England_City_and_Town_Areas_Labels20328",
            "Combined_Statistical_Areas61231",
            "Combined_Statistical_Areas_Labels52090",
            "Consolidated_Cities65047",
            "Consolidated_Cities_Labels30018",
            "Counties",
            "Counties_Labels19364",
            "County_Subdivisions63689",
            "County_Subdivisions_Labels25452",
            "Elementary_School_Districts36200",
            "Elementary_School_Districts_Labels21637",
            "Estates",
            "Estates_Labels15809",
            "Federal_American_Indian_Reservations63680",
            "Federal_American_Indian_Reservations_Labels65437",
            "Hawaiian_Home_Lands45702",
            "Hawaiian_Home_Lands_Labels15115",
            "Incorporated_Places1469",
            "Incorporated_Places_Labels58904",
            "Metropolitan_Divisions40847",
            "Metropolitan_Divisions_Labels25946",
            "Metropolitan_New_England_City_and_Town_Areas62616",
            "Metropolitan_New_England_City_and_Town_Areas_Labels59733",
            "Metropolitan_Statistical_Areas62762",
            "Metropolitan_Statistical_Areas_Labels6295",
            "Micropolitan_New_England_City_and_Town_Areas31587",
            "Micropolitan_New_England_City_and_Town_Areas_Labels33942",
            "Micropolitan_Statistical_Areas31521",
            "Micropolitan_Statistical_Areas_Labels772",
            "New_England_City_and_Town_Area_Divisions60153",
            "New_England_City_and_Town_Area__Divisions_Labels46148",
            "Off-Reservation_Trust_Lands54343",
            "Off-Reservation_Trust_Lands_Labels18066",
            "Oklahoma_Tribal_Statistical_Areas50120",
            "Oklahoma_Tribal_Statistical_Areas_Labels48357",
            "Secondary_School_Districts43718",
            "Secondary_School_Districts_Labels36427",
            "State_American_Indian_Reservations3874",
            "State_American_Indian_Reservations_Labels35471",
            "State_Designated_Tribal_Statistical_Areas1347",
            "State_Designated_Tribal_Statistical_Areas_Labels45558",
            "States",
            "States_Labels49388",
            "Subbarrios",
            "Subbarrios_Labels47498",
            "Tribal_Block_Groups26640",
            "Tribal_Block_Groups_Labels32973",
            "Tribal_Census_Tracts2987",
            "Tribal_Census_Tracts_Labels1374",
            "Tribal_Designated_Statistical_Areas45836",
            "Tribal_Designated_Statistical_Areas_Labels6465",
            "Tribal_Subdivisions42483",
            "Tribal_Subdivisions_Labels35078",
            "Unified_School_Districts15496",
            "Unified_School_Districts_Labels28837",
            "_010_Census_Public_Use_Microdata_Areas19703",
            "_010_Census_Public_Use_Microdata_Areas_Labels13730",
            "_010_Census_Urban_Clusters16904",
            "_010_Census_Urban_Clusters_Labels55845",
            "_010_Census_Urbanized_Areas33599",
            "_010_Census_Urbanized_Areas_Labels40234",
            "_010_Census_ZIP_Code_Tabulation_Areas53898",
            "_010_Census_ZIP_Code_Tabulation_Areas_Labels61175",
            "_013_State_Legislative_Districts_-_Lower65214",
            "_013_State_Legislative_Districts_-_Lower_Labels62179",
            "_013_State_Legislative_Districts_-_Upper9215",
            "_013_State_Legislative_Districts_-_Upper_Labels31978",
            "_13th_Congressional_Districts10848",
            "_13th_Congressional_Districts_Labels57405"
        ]
    },
    "ACS 2012": {
        "url": "https://tigerweb.geo.census.gov/arcgis/services/TIGERweb/tigerWMS_ACS2012/MapServer/WMSServer",
        "layers": [
            "Alaska_Native_Regional_Corporations10465",
            "Alaska_Native_Regional_Corporations_Labels60868",
            "Alaska_Native_Village_Statistical_Areas34178",
            "Alaska_Native_Village_Statistical_Areas_Labels14319",
            "American_Indian_Joint-Use_Areas11842",
            "American_Indian_Joint-Use_Areas_Labels32943",
            "Census_Block_Groups59805",
            "Census_Block_Groups_Labels32376",
            "Census_Designated_Places65166",
            "Census_Designated_Places_Labels61459",
            "Census_Divisions8578",
            "Census_Divisions_Labels29679",
            "Census_Regions16659",
            "Census_Regions_Labels31526",
            "Census_Tracts7651",
            "Census_Tracts_Labels33558",
            "Combined_New_England_City_and_Town_Areas35117",
            "Combined_New_England_City_and_Town_Areas_Labels20328",
            "Combined_Statistical_Areas61231",
            "Combined_Statistical_Areas_Labels52090",
            "Consolidated_Cities65047",
            "Consolidated_Cities_Labels30018",
            "Counties",
            "Counties_Labels19364",
            "County_Subdivisions63689",
            "County_Subdivisions_Labels25452",
            "Elementary_School_Districts36200",
            "Elementary_School_Districts_Labels21637",
            "Estates",
            "Estates_Labels15809",
            "Federal_American_Indian_Reservations63680",
            "Federal_American_Indian_Reservations_Labels65437",
            "Hawaiian_Home_Lands45702",
            "Hawaiian_Home_Lands_Labels15115",
            "Incorporated_Places1469",
            "Incorporated_Places_Labels58904",
            "Metropolitan_Divisions40847",
            "Metropolitan_Divisions_Labels25946",
            "Metropolitan_New_England_City_and_Town_Areas62616",
            "Metropolitan_New_England_City_and_Town_Areas_Labels59733",
            "Metropolitan_Statistical_Areas62762",
            "Metropolitan_Statistical_Areas_Labels6295",
            "Micropolitan_New_England_City_and_Town_Areas31587",
            "Micropolitan_New_England_City_and_Town_Areas_Labels33942",
            "Micropolitan_Statistical_Areas31521",
            "Micropolitan_Statistical_Areas_Labels772",
            "New_England_City_and_Town_Area_Divisions60153",
            "New_England_City_and_Town_Area__Divisions_Labels46148",
            "Off-Reservation_Trust_Lands54343",
            "Off-Reservation_Trust_Lands_Labels18066",
            "Oklahoma_Tribal_Statistical_Areas50120",
            "Oklahoma_Tribal_Statistical_Areas_Labels48357",
            "Secondary_School_Districts43718",
            "Secondary_School_Districts_Labels36427",
            "State_American_Indian_Reservations3874",
            "State_American_Indian_Reservations_Labels35471",
            "State_Designated_Tribal_Statistical_Areas1347",
            "State_Designated_Tribal_Statistical_Areas_Labels45558",
            "States",
            "States_Labels49388",
            "Subbarrios",
            "Subbarrios_Labels47498",
            "Tribal_Block_Groups26640",
            "Tribal_Block_Groups_Labels32973",
            "Tribal_Census_Tracts2987",
            "Tribal_Census_Tracts_Labels1374",
            "Tribal_Designated_Statistical_Areas45836",
            "Tribal_Designated_Statistical_Areas_Labels6465",
            "Tribal_Subdivisions42483",
            "Tribal_Subdivisions_Labels35078",
            "Unified_School_Districts15496",
            "Unified_School_Districts_Labels28837",
            "_010_Census_Public_Use_Microdata_Areas19703",
            "_010_Census_Public_Use_Microdata_Areas_Labels13730",
            "_010_Census_Urban_Clusters16904",
            "_010_Census_Urban_Clusters_Labels55845",
            "_010_Census_Urbanized_Areas33599",
            "_010_Census_Urbanized_Areas_Labels40234",
            "_010_Census_ZIP_Code_Tabulation_Areas53898",
            "_010_Census_ZIP_Code_Tabulation_Areas_Labels61175",
            "_010_State_Legislative_Districts_-_Lower65221",
            "_010_State_Legislative_Districts_-_Lower_Labels16320",
            "_010_State_Legislative_Districts_-_Upper22612",
            "_010_State_Legislative_Districts_-_Upper_Labels4137",
            "_12th_Congressional_Districts2681",
            "_12th_Congressional_Districts_Labels15164"
        ]
    },
    "ECON 2012": {
        "url": "https://tigerweb.geo.census.gov/arcgis/services/TIGERweb/tigerWMS_ECON2012/MapServer/WMSServer",
        "layers": [
            "Economic_Places24106",
            "Economic_Places_Labels39319"
        ]
    },
    "Census 2020": {
        "url": "https://tigerweb.geo.census.gov/arcgis/services/TIGERweb/tigerWMS_Census2020/MapServer/WMSServer",
        "layers": [
            "Alaska_Native_Regional_Corporations10465",
            "Alaska_Native_Regional_Corporations_Labels60868",
            "Alaska_Native_Village_Statistical_Areas34178",
            "Alaska_Native_Village_Statistical_Areas_Labels14319",
            "American_Indian_Joint-Use_Areas11842",
            "American_Indian_Joint-Use_Areas_Labels32943",
            "Census_Block_Groups59805",
            "Census_Block_Groups_Labels32376",
            "Census_Blocks1978",
            "Census_Blocks_Labels63431",
            "Census_Designated_Places65166",
            "Census_Designated_Places_Labels61459",
            "Census_Divisions8578",
            "Census_Divisions_Labels29679",
            "Census_Regions16659",
            "Census_Regions_Labels31526",
            "Census_Tracts7651",
            "Census_Tracts_Labels33558",
            "Combined_New_England_City_and_Town_Areas35117",
            "Combined_New_England_City_and_Town_Areas_Labels20328",
            "Combined_Statistical_Areas61231",
            "Combined_Statistical_Areas_Labels52090",
            "Consolidated_Cities65047",
            "Consolidated_Cities_Labels30018",
            "Counties",
            "Counties_Labels19364",
            "County_Subdivisions63689",
            "County_Subdivisions_Labels25452",
            "Elementary_School_Districts36200",
            "Elementary_School_Districts_Labels21637",
            "Estates",
            "Estates_Labels15809",
            "Federal_American_Indian_Reservations63680",
            "Federal_American_Indian_Reservations_Labels65437",
            "Hawaiian_Home_Lands45702",
            "Hawaiian_Home_Lands_Labels15115",
            "Incorporated_Places1469",
            "Incorporated_Places_Labels58904",
            "Metropolitan_Divisions40847",
            "Metropolitan_Divisions_Labels25946",
            "Metropolitan_New_England_City_and_Town_Areas62616",
            "Metropolitan_New_England_City_and_Town_Areas_Labels59733",
            "Metropolitan_Statistical_Areas62762",
            "Metropolitan_Statistical_Areas_Labels6295",
            "Micropolitan_New_England_City_and_Town_Areas31587",
            "Micropolitan_New_England_City_and_Town_Areas_Labels33942",
            "Micropolitan_Statistical_Areas31521",
            "Micropolitan_Statistical_Areas_Labels772",
            "New_England_City_and_Town_Area_Divisions60153",
            "New_England_City_and_Town_Area__Divisions_Labels46148",
            "Off-Reservation_Trust_Lands54343",
            "Off-Reservation_Trust_Lands_Labels18066",
            "Oklahoma_Tribal_Statistical_Areas50120",
            "Oklahoma_Tribal_Statistical_Areas_Labels48357",
            "Secondary_School_Districts43718",
            "Secondary_School_Districts_Labels36427",
            "State_American_Indian_Reservations3874",
            "State_American_Indian_Reservations_Labels35471",
            "State_Designated_Tribal_Statistical_Areas1347",
            "State_Designated_Tribal_Statistical_Areas_Labels45558",
            "States",
            "States_Labels49388",
            "Subbarrios",
            "Subbarrios_Labels47498",
            "Tribal_Block_Groups26640",
            "Tribal_Block_Groups_Labels32973",
            "Tribal_Census_Tracts2987",
            "Tribal_Census_Tracts_Labels1374",
            "Tribal_Designated_Statistical_Areas45836",
            "Tribal_Designated_Statistical_Areas_Labels6465",
            "Tribal_Subdivisions42483",
            "Tribal_Subdivisions_Labels35078",
            "Unified_School_Districts15496",
            "Unified_School_Districts_Labels28837",
            "Urban_Growth_Areas59666",
            "Urban_Growth_Areas_Labels47199",
            "Voting_Districts56637",
            "Voting_Districts_Labels20888",
            "Zip_Code_Tabulation_Areas4692",
            "Zip_Code_Tabulation_Areas_Labels47657",
            "_018_State_Legislative_Districts_-_Lower20349",
            "_018_State_Legislative_Districts_-_Lower_Labels7384",
            "_018_State_Legislative_Districts_-_Upper25708",
            "_018_State_Legislative_Districts_-_Upper_Labels34849",
            "_16th_Congressional_Districts4189",
            "_16th_Congressional_Districts_Labels3128"
        ]
    },
    "Census 2010": {
        "url": "https://tigerweb.geo.census.gov/arcgis/services/TIGERweb/tigerWMS_Census2010/MapServer/WMSServer",
        "layers": [
            "Alaska_Native_Regional_Corporations10465",
            "Alaska_Native_Regional_Corporations_Labels60868",
            "Alaska_Native_Village_Statistical_Areas34178",
            "Alaska_Native_Village_Statistical_Areas_Labels14319",
            "American_Indian_Joint-Use_Areas11842",
            "American_Indian_Joint-Use_Areas_Labels32943",
            "Census_Block_Groups59805",
            "Census_Block_Groups_Labels32376",
            "Census_Blocks1978",
            "Census_Blocks_Labels63431",
            "Census_Designated_Places65166",
            "Census_Designated_Places_Labels61459",
            "Census_Divisions8578",
            "Census_Divisions_Labels29679",
            "Census_Regions16659",
            "Census_Regions_Labels31526",
            "Census_Tracts7651",
            "Census_Tracts_Labels33558",
            "Combined_New_England_City_and_Town_Areas35117",
            "Combined_New_England_City_and_Town_Areas_Labels20328",
            "Combined_Statistical_Areas61231",
            "Combined_Statistical_Areas_Labels52090",
            "Consolidated_Cities65047",
            "Consolidated_Cities_Labels30018",
            "Counties",
            "Counties_Labels19364",
            "County_Subdivisions63689",
            "County_Subdivisions_Labels25452",
            "Elementary_School_Districts36200",
            "Elementary_School_Districts_Labels21637",
            "Estates",
            "Estates_Labels15809",
            "Federal_American_Indian_Reservations63680",
            "Federal_American_Indian_Reservations_Labels65437",
            "Hawaiian_Home_Lands45702",
            "Hawaiian_Home_Lands_Labels15115",
            "Incorporated_Places1469",
            "Incorporated_Places_Labels58904",
            "Metropolitan_Divisions40847",
            "Metropolitan_Divisions_Labels25946",
            "Metropolitan_New_England_City_and_Town_Areas62616",
            "Metropolitan_New_England_City_and_Town_Areas_Labels59733",
            "Metropolitan_Statistical_Areas62762",
            "Metropolitan_Statistical_Areas_Labels6295",
            "Micropolitan_New_England_City_and_Town_Areas31587",
            "Micropolitan_New_England_City_and_Town_Areas_Labels33942",
            "Micropolitan_Statistical_Areas31521",
            "Micropolitan_Statistical_Areas_Labels772",
            "New_England_City_and_Town_Area_Divisions60153",
            "New_England_City_and_Town_Area__Divisions_Labels46148",
            "Off-Reservation_Trust_Lands54343",
            "Off-Reservation_Trust_Lands_Labels18066",
            "Oklahoma_Tribal_Statistical_Areas50120",
            "Oklahoma_Tribal_Statistical_Areas_Labels48357",
            "Public_Use_Microdata_Areas41961",
            "Public_Use_Microdata_Areas_Labels41740",
            "Secondary_School_Districts43718",
            "Secondary_School_Districts_Labels36427",
            "State_American_Indian_Reservations3874",
            "State_American_Indian_Reservations_Labels35471",
            "State_Designated_Tribal_Statistical_Areas1347",
            "State_Designated_Tribal_Statistical_Areas_Labels45558",
            "States",
            "States_Labels49388",
            "Subbarrios",
            "Subbarrios_Labels47498",
            "Traffic_Analysis_Districts63231",
            "Traffic_Analysis_Districts_Labels55274",
            "Traffic_Analysis_Zones48007",
            "Traffic_Analysis_Zones_Labels61394",
            "Tribal_Block_Groups26640",
            "Tribal_Block_Groups_Labels32973",
            "Tribal_Census_Tracts2987",
            "Tribal_Census_Tracts_Labels1374",
            "Tribal_Designated_Statistical_Areas45836",
            "Tribal_Designated_Statistical_Areas_Labels6465",
            "Tribal_Subdivisions42483",
            "Tribal_Subdivisions_Labels35078",
            "Unified_School_Districts15496",
            "Unified_School_Districts_Labels28837",
            "Urban_Clusters34262",
            "Urban_Clusters_Labels49595",
            "Urban_Growth_Areas59666",
            "Urban_Growth_Areas_Labels47199",
            "Urbanized_Areas35041",
            "Urbanized_Areas_Labels19908",
            "Voting_Districts56637",
            "Voting_Districts_Labels20888",
            "ZIP_Code_Tabulation_Areas30036",
            "ZIP_Code_Tabulation_Areas_Labels9513",
            "_010_State_Legislative_Districts_-_Lower65221",
            "_010_State_Legislative_Districts_-_Lower_Labels16320",
            "_010_State_Legislative_Districts_-_Upper22612",
            "_010_State_Legislative_Districts_-_Upper_Labels4137",
            "_012_State_Legislative_Districts_-_Lower30999",
            "_012_State_Legislative_Districts_-_Lower_Labels14402",
            "_012_State_Legislative_Districts_-_Upper10086",
            "_013_State_Legislative_Districts_-_Upper_Labels31978",
            "_11th_Congressional_Districts47378",
            "_11th_Congressional_Districts_Labels2143",
            "_13th_Congressional_Districts10848",
            "_13th_Congressional_Districts_Labels57405"
        ]
    },
    "Physical Features": {
        "url": "https://tigerweb.geo.census.gov/arcgis/services/TIGERweb/tigerWMS_PhysicalFeatures/MapServer/WMSServer",
        "layers": [
            "Areal_Hydrography37483",
            "Areal_Hydrography_Labels27678",
            "Colleges_and_Universities7548",
            "Colleges_and_Universities_Labels22993",
            "Correctional_Facilities24477",
            "Correctional_Facilities_Labels33912",
            "Glaciers",
            "Glaciers_Labels53836",
            "Linear_Hydrography23653",
            "Linear_Hydrography_Labels19296",
            "Local_Roads48035",
            "Local_Roads_Labels30166",
            "MilitaryInstallations_Labels31240",
            "Military_Installations61949",
            "National_Park_Service_Areas58866",
            "National_Park_Service_Areas_Labels63167",
            "Primary_Roads14898",
            "Primary_Roads_Labels36351",
            "Railroads",
            "Railroads_Labels19237",
            "Secondary_Roads23948",
            "Secondary_Roads_Labels57281"
        ]
    },
    "Decennial Census 2020": {
        "url": "https://tigerweb.geo.census.gov/arcgis/services/Census2020/tigerWMS_Census2020/MapServer/WMSServer",
        "layers": [
            "Alaska_Native_Regional_Corporations10465",
            "Alaska_Native_Regional_Corporations_Labels60868",
            "Alaska_Native_Village_Statistical_Areas34178",
            "Alaska_Native_Village_Statistical_Areas_Labels14319",
            "American_Indian_Joint-Use_Areas11842",
            "American_Indian_Joint-Use_Areas_Labels32943",
            "Census_Block_Groups59805",
            "Census_Block_Groups_Labels32376",
            "Census_Blocks1978",
            "Census_Blocks_Labels63431",
            "Census_Designated_Places65166",
            "Census_Designated_Places_Labels61459",
            "Census_Divisions8578",
            "Census_Divisions_Labels29679",
            "Census_Regions16659",
            "Census_Regions_Labels31526",
            "Census_Tracts7651",
            "Census_Tracts_Labels33558",
            "Combined_New_England_City_and_Town_Areas35117",
            "Combined_New_England_City_and_Town_Areas_Labels20328",
            "Combined_Statistical_Areas61231",
            "Combined_Statistical_Areas_Labels52090",
            "Consolidated_Cities65047",
            "Consolidated_Cities_Labels30018",
            "Counties",
            "Counties_Labels19364",
            "County_Subdivisions63689",
            "County_Subdivisions_Labels25452",
            "Elementary_School_Districts36200",
            "Elementary_School_Districts_Labels21637",
            "Estates",
            "Estates_Labels15809",
            "Federal_American_Indian_Reservations63680",
            "Federal_American_Indian_Reservations_Labels65437",
            "Hawaiian_Home_Lands45702",
            "Hawaiian_Home_Lands_Labels15115",
            "Incorporated_Places1469",
            "Incorporated_Places_Labels58904",
            "Metropolitan_Divisions40847",
            "Metropolitan_Divisions_Labels25946",
            "Metropolitan_New_England_City_and_Town_Areas62616",
            "Metropolitan_New_England_City_and_Town_Areas_Labels59733",
            "Metropolitan_Statistical_Areas62762",
            "Metropolitan_Statistical_Areas_Labels6295",
            "Micropolitan_New_England_City_and_Town_Areas31587",
            "Micropolitan_New_England_City_and_Town_Areas_Labels33942",
            "Micropolitan_Statistical_Areas31521",
            "Micropolitan_Statistical_Areas_Labels772",
            "New_England_City_and_Town_Area_Divisions60153",
            "New_England_City_and_Town_Area_Divisions_Labels51132",
            "Off-Reservation_Trust_Lands54343",
            "Off-Reservation_Trust_Lands_Labels18066",
            "Oklahoma_Tribal_Statistical_Areas50120",
            "Oklahoma_Tribal_Statistical_Areas_Labels48357",
            "Secondary_School_Districts43718",
            "Secondary_School_Districts_Labels36427",
            "State_American_Indian_Reservations3874",
            "State_American_Indian_Reservations_Labels35471",
            "State_Designated_Tribal_Statistical_Areas1347",
            "State_Designated_Tribal_Statistical_Areas_Labels45558",
            "State_Legislative_Districts_-_Lower3982",
            "State_Legislative_Districts_-_Lower_Labels55571",
            "State_Legislative_Districts_-_Upper9103",
            "State_Legislative_Districts_-_Upper_Labels18778",
            "States",
            "States_Labels49388",
            "Subbarrios",
            "Subbarrios_Labels47498",
            "Tribal_Block_Groups26640",
            "Tribal_Block_Groups_Labels32973",
            "Tribal_Census_Tracts2987",
            "Tribal_Census_Tracts_Labels1374",
            "Tribal_Designated_Statistical_Areas45836",
            "Tribal_Designated_Statistical_Areas_Labels6465",
            "Tribal_Subdivisions42483",
            "Tribal_Subdivisions_Labels35078",
            "Unified_School_Districts15496",
            "Unified_School_Districts_Labels28837",
            "Urban_Growth_Areas59666",
            "Urban_Growth_Areas_Labels47199",
            "Voting_Districts56637",
            "Voting_Districts_Labels20888",
            "Zip_Code_Tabulation_Areas4692",
            "Zip_Code_Tabulation_Areas_Labels47657",
            "_16th_Congressional_Districts4189",
            "_16th_Congressional_Districts_Labels3128"
        ]
    },
    "Decennial Census 2010": {
        "url": "https://tigerweb.geo.census.gov/arcgis/services/Census2020/tigerWMS_Census2010/MapServer/WMSServer",
        "layers": [
            "Alaska_Native_Regional_Corporations10465",
            "Alaska_Native_Regional_Corporations_Labels60868",
            "Alaska_Native_Village_Statistical_Areas34178",
            "Alaska_Native_Village_Statistical_Areas_Labels14319",
            "American_Indian_Joint-Use_Areas11842",
            "American_Indian_Joint-Use_Areas_Labels32943",
            "Census_Block_Groups59805",
            "Census_Block_Groups_Labels32376",
            "Census_Blocks1978",
            "Census_Blocks_Labels63431",
            "Census_Designated_Places65166",
            "Census_Designated_Places_Labels61459",
            "Census_Divisions8578",
            "Census_Divisions_Labels29679",
            "Census_Regions16659",
            "Census_Regions_Labels31526",
            "Census_Tracts7651",
            "Census_Tracts_Labels33558",
            "Combined_New_England_City_and_Town_Areas35117",
            "Combined_New_England_City_and_Town_Areas_Labels20328",
            "Combined_Statistical_Areas61231",
            "Combined_Statistical_Areas_Labels52090",
            "Consolidated_Cities65047",
            "Consolidated_Cities_Labels30018",
            "Counties",
            "Counties_Labels19364",
            "County_Subdivisions63689",
            "County_Subdivisions_Labels25452",
            "Elementary_School_Districts36200",
            "Elementary_School_Districts_Labels21637",
            "Estates",
            "Estates_Labels15809",
            "Federal_American_Indian_Reservations63680",
            "Federal_American_Indian_Reservations_Labels65437",
            "Hawaiian_Home_Lands45702",
            "Hawaiian_Home_Lands_Labels15115",
            "Incorporated_Places1469",
            "Incorporated_Places_Labels58904",
            "Metropolitan_Divisions40847",
            "Metropolitan_Divisions_Labels25946",
            "Metropolitan_New_England_City_and_Town_Areas62616",
            "Metropolitan_New_England_City_and_Town_Areas_Labels59733",
            "Metropolitan_Statistical_Areas62762",
            "Metropolitan_Statistical_Areas_Labels6295",
            "Micropolitan_New_England_City_and_Town_Areas31587",
            "Micropolitan_New_England_City_and_Town_Areas_Labels33942",
            "Micropolitan_Statistical_Areas31521",
            "Micropolitan_Statistical_Areas_Labels772",
            "New_England_City_and_Town_Area_Divisions60153",
            "New_England_City_and_Town_Area_Divisions_Labels51132",
            "Off-Reservation_Trust_Lands54343",
            "Off-Reservation_Trust_Lands_Labels18066",
            "Oklahoma_Tribal_Statistical_Areas50120",
            "Oklahoma_Tribal_Statistical_Areas_Labels48357",
            "Public_Use_Microdata_Areas41961",
            "Public_Use_Microdata_Areas_Labels41740",
            "Secondary_School_Districts43718",
            "Secondary_School_Districts_Labels36427",
            "State_American_Indian_Reservations3874",
            "State_American_Indian_Reservations_Labels35471",
            "State_Designated_Tribal_Statistical_Areas1347",
            "State_Designated_Tribal_Statistical_Areas_Labels45558",
            "State_Legislative_Districts_-_Lower3982",
            "State_Legislative_Districts_-_Lower_Labels55571",
            "State_Legislative_Districts_-_Upper9103",
            "State_Legislative_Districts_-_Upper_Labels18778",
            "States",
            "States_Labels49388",
            "Subbarrios",
            "Subbarrios_Labels47498",
            "Traffic_Analysis_Districts63231",
            "Traffic_Analysis_Districts_Labels55274",
            "Traffic_Analysis_Zones48007",
            "Traffic_Analysis_Zones_Labels61394",
            "Tribal_Block_Groups26640",
            "Tribal_Block_Groups_Labels32973",
            "Tribal_Census_Tracts2987",
            "Tribal_Census_Tracts_Labels1374",
            "Tribal_Designated_Statistical_Areas45836",
            "Tribal_Designated_Statistical_Areas_Labels6465",
            "Tribal_Subdivisions42483",
            "Tribal_Subdivisions_Labels35078",
            "Unified_School_Districts15496",
            "Unified_School_Districts_Labels28837",
            "Urban_Clusters34262",
            "Urban_Clusters_Labels49595",
            "Urban_Growth_Areas59666",
            "Urban_Growth_Areas_Labels47199",
            "Urbanized_Areas35041",
            "Urbanized_Areas_Labels19908",
            "Voting_Districts56637",
            "Voting_Districts_Labels20888",
            "Zip_Code_Tabulation_Areas4692",
            "Zip_Code_Tabulation_Areas_Labels47657",
            "_11th_Congressional_Districts47378",
            "_11th_Congressional_Districts_Labels2143"
        ]
    },
    "Decennial Census 2000": {
        "url": "https://tigerweb.geo.census.gov/arcgis/services/Census2020/tigerWMS_Census2000/MapServer/WMSServer",
        "layers": [
            "Alaska_Native_Regional_Corporations10465",
            "Alaska_Native_Regional_Corporations_Labels60868",
            "Alaska_Native_Village_Statistical_Areas34178",
            "Alaska_Native_Village_Statistical_Areas_Labels14319",
            "American_Indian_Joint-Use_Areas11842",
            "American_Indian_Joint-Use_Areas_Labels32943",
            "Census_Block_Groups59805",
            "Census_Block_Groups_Labels32376",
            "Census_Blocks1978",
            "Census_Blocks_Labels63431",
            "Census_Designated_Places65166",
            "Census_Designated_Places_Labels61459",
            "Census_Divisions8578",
            "Census_Divisions_Labels29679",
            "Census_Regions16659",
            "Census_Regions_Labels31526",
            "Census_Tracts7651",
            "Census_Tracts_Labels33558",
            "Consolidated_Cities65047",
            "Consolidated_Cities_Labels30018",
            "Counties",
            "Counties_Labels19364",
            "County_Subdivisions63689",
            "County_Subdivisions_Labels25452",
            "Elementary_School_Districts36200",
            "Elementary_School_Districts_Labels21637",
            "Federal_American_Indian_Reservations63680",
            "Federal_American_Indian_Reservations_Labels65437",
            "Hawaiian_Home_Lands45702",
            "Hawaiian_Home_Lands_Labels15115",
            "Incorporated_Places1469",
            "Incorporated_Places_Labels58904",
            "Metropolitan_Statistical_Areas/Consolidated_Metropolitan_Statistical_Areas39705",
            "Metropolitan_Statistical_Areas/Consolidated_Metropolitan_Statistical_Areas_Labels38876",
            "Off-Reservation_Trust_Lands54343",
            "Off-Reservation_Trust_Lands_Labels18066",
            "Oklahoma_Tribal_Statistical_Areas50120",
            "Oklahoma_Tribal_Statistical_Areas_Labels48357",
            "Primary_Metropolitan_Statistical_Areas35374",
            "Primary_Metropolitan_Statistical_Areas_Labels33587",
            "Public_Use_Microdata_Areas41961",
            "Public_Use_Microdata_Areas_Labels41740",
            "Secondary_School_Districts43718",
            "Secondary_School_Districts_Labels36427",
            "State_American_Indian_Reservations3874",
            "State_American_Indian_Reservations_Labels35471",
            "State_Designated_Tribal_Statistical_Areas1347",
            "State_Designated_Tribal_Statistical_Areas_Labels45558",
            "State_Legislative_Districts_-_Lower3982",
            "State_Legislative_Districts_-_Lower_Labels55571",
            "State_Legislative_Districts_-_Upper9103",
            "State_Legislative_Districts_-_Upper_Labels18778",
            "States",
            "States_Labels49388",
            "Subbarrios",
            "Subbarrios_Labels47498",
            "Traffic_Analysis_Zones48007",
            "Traffic_Analysis_Zones_Labels61394",
            "Tribal_Designated_Statistical_Areas45836",
            "Tribal_Designated_Statistical_Areas_Labels6465",
            "Tribal_Subdivisions42483",
            "Tribal_Subdivisions_Labels35078",
            "Unified_School_Districts15496",
            "Unified_School_Districts_Labels28837",
            "Urban_Clusters34262",
            "Urban_Clusters_Labels49595",
            "Urban_Growth_Areas59666",
            "Urban_Growth_Areas_Labels47199",
            "Urbanized_Areas35041",
            "Urbanized_Areas_Labels19908",
            "Voting_Districts56637",
            "Voting_Districts_Labels20888",
            "Zip_Code_Tabulation_Areas4692",
            "Zip_Code_Tabulation_Areas_Labels47657",
            "_08th_Congressional_Districts12594",
            "_08th_Congressional_Districts_Labels27903"
        ]
    },
    "Decennial Physical Features": {
        "url": "https://tigerweb.geo.census.gov/arcgis/services/Census2020/tigerWMS_PhysicalFeatures/MapServer/WMSServer",
        "layers": [
            "Areal_Hydrography37483",
            "Areal_Hydrography_Labels27678",
            "Glaciers",
            "Glaciers_Labels53836",
            "Linear_Hydrography23653",
            "Linear_Hydrography_Labels19296",
            "Local_Roads48035",
            "Local_Roads_Labels30166",
            "Military_Installations61949",
            "Military_Installations_Labels7000",
            "Primary_Roads14898",
            "Primary_Roads_Labels36351",
            "Railroads",
            "Railroads_Labels19237",
            "Secondary_Roads23948",
            "Secondary_Roads_Labels57281"
        ]
    }
}